year,state,office,candidatevotes,totalvotes,Vote Percent,party_simplified
2000,ARIZONA,US SENATE,109230,1397076,7.818472295,OTHER
2000,ARIZONA,US SENATE,108926,1397076,7.796712563,OTHER
2000,ARIZONA,US SENATE,1108196,1397076,79.32252791,REPUBLICAN
2000,ARIZONA,US SENATE,70724,1397076,5.062287234,LIBERTARIAN
2000,CALIFORNIA,US SENATE,96552,10623608,0.908843775,OTHER
2000,CALIFORNIA,US SENATE,326828,10623608,3.076431284,OTHER
2000,CALIFORNIA,US SENATE,3886853,10623608,36.5869392,REPUBLICAN
2000,CALIFORNIA,US SENATE,5932522,10623608,55.84281724,DEMOCRAT
2000,CALIFORNIA,US SENATE,58537,10623608,0.551008659,OTHER
2000,CALIFORNIA,US SENATE,134598,10623608,1.266970694,OTHER
2000,CALIFORNIA,US SENATE,187718,10623608,1.766989143,LIBERTARIAN
2000,CONNECTICUT,US SENATE,828902,1311261,63.21411222,DEMOCRAT
2000,CONNECTICUT,US SENATE,8773,1311261,0.669050631,LIBERTARIAN
2000,CONNECTICUT,US SENATE,448077,1311261,34.17145786,REPUBLICAN
2000,CONNECTICUT,US SENATE,25509,1311261,1.945379295,OTHER
2000,DELAWARE,US SENATE,181566,326993,55.52595927,DEMOCRAT
2000,DELAWARE,US SENATE,1103,326993,0.337316089,LIBERTARIAN
2000,DELAWARE,US SENATE,1044,326993,0.31927289,OTHER
2000,DELAWARE,US SENATE,142891,326993,43.69848896,REPUBLICAN
2000,DELAWARE,US SENATE,389,326993,0.118962791,OTHER
2000,FLORIDA,US SENATE,21664,5856731,0.369899181,OTHER
2000,FLORIDA,US SENATE,2989487,5856731,51.04361119,DEMOCRAT
2000,FLORIDA,US SENATE,2705348,5856731,46.19211639,REPUBLICAN
2000,FLORIDA,US SENATE,80830,5856731,1.380121436,OTHER
2000,FLORIDA,US SENATE,26087,5856731,0.445419125,OTHER
2000,FLORIDA,US SENATE,88,5856731,0.001502545,OTHER
2000,FLORIDA,US SENATE,17338,5856731,0.29603545,OTHER
2000,FLORIDA,US SENATE,15889,5856731,0.271294686,OTHER
2000,GEORGIA,US SENATE,920478,2415743,38.10330817,OTHER
2000,GEORGIA,US SENATE,25942,2415743,1.07387251,OTHER
2000,GEORGIA,US SENATE,22975,2415743,0.951053154,OTHER
2000,GEORGIA,US SENATE,21249,2415743,0.879605157,OTHER
2000,GEORGIA,US SENATE,1413224,2415743,58.50059381,DEMOCRAT
2000,GEORGIA,US SENATE,11875,2415743,0.491567191,OTHER
2000,HAWAII,US SENATE,84701,345623,24.50676026,REPUBLICAN
2000,HAWAII,US SENATE,3127,345623,0.904743029,LIBERTARIAN
2000,HAWAII,US SENATE,4220,345623,1.220983557,OTHER
2000,HAWAII,US SENATE,2360,345623,0.682824928,OTHER
2000,HAWAII,US SENATE,251215,345623,72.68468823,DEMOCRAT
2000,INDIANA,US SENATE,33992,2145209,1.584554232,LIBERTARIAN
2000,INDIANA,US SENATE,1427944,2145209,66.5643301,REPUBLICAN
2000,INDIANA,US SENATE,683273,2145209,31.85111567,DEMOCRAT
2000,MAINE,US SENATE,197183,634872,31.0587016,DEMOCRAT
2000,MAINE,US SENATE,437689,634872,68.9412984,REPUBLICAN
2000,MARYLAND,US SENATE,715178,1946898,36.73423056,REPUBLICAN
2000,MARYLAND,US SENATE,113,1946898,0.005804105,OTHER
2000,MARYLAND,US SENATE,1230013,1946898,63.17809151,DEMOCRAT
2000,MARYLAND,US SENATE,1594,1946898,0.081873832,OTHER
2000,MASSACHUSETTS,US SENATE,42113,2734048,1.540316776,OTHER
2000,MASSACHUSETTS,US SENATE,308860,2734048,11.2968024,LIBERTARIAN
2000,MASSACHUSETTS,US SENATE,8452,2734048,0.309138684,OTHER
2000,MASSACHUSETTS,US SENATE,134586,2734048,4.922590971,OTHER
2000,MASSACHUSETTS,US SENATE,42,2734048,0.001536184,OTHER
2000,MASSACHUSETTS,US SENATE,1889494,2734048,69.10975959,DEMOCRAT
2000,MASSACHUSETTS,US SENATE,13687,2734048,0.50061301,OTHER
2000,MASSACHUSETTS,US SENATE,2473,2734048,0.09045196,OTHER
2000,MASSACHUSETTS,US SENATE,334341,2734048,12.22879042,REPUBLICAN
2000,MICHIGAN,US SENATE,29966,4167685,0.719008274,LIBERTARIAN
2000,MICHIGAN,US SENATE,5630,4167685,0.135086985,OTHER
2000,MICHIGAN,US SENATE,26274,4167685,0.630421925,OTHER
2000,MICHIGAN,US SENATE,2061952,4167685,49.47475637,DEMOCRAT
2000,MICHIGAN,US SENATE,1994693,4167685,47.86093479,REPUBLICAN
2000,MICHIGAN,US SENATE,11628,4167685,0.279003811,OTHER
2000,MICHIGAN,US SENATE,37542,4167685,0.900787847,OTHER
2000,MINNESOTA,US SENATE,4,2419520,0.000165322,OTHER
2000,MINNESOTA,US SENATE,21447,2419520,0.886415487,OTHER
2000,MINNESOTA,US SENATE,1181553,2419520,48.83419025,DEMOCRAT
2000,MINNESOTA,US SENATE,140583,2419520,5.810367346,OTHER
2000,MINNESOTA,US SENATE,8915,2419520,0.368461513,OTHER
2000,MINNESOTA,US SENATE,12956,2419520,0.535478111,OTHER
2000,MINNESOTA,US SENATE,1047474,2419520,43.29263656,REPUBLICAN
2000,MINNESOTA,US SENATE,6588,2419520,0.272285412,LIBERTARIAN
2000,MISSISSIPPI,US SENATE,9344,994144,0.939904078,OTHER
2000,MISSISSIPPI,US SENATE,654941,994144,65.87989265,REPUBLICAN
2000,MISSISSIPPI,US SENATE,7315,994144,0.735808897,OTHER
2000,MISSISSIPPI,US SENATE,314090,994144,31.59401455,DEMOCRAT
2000,MISSISSIPPI,US SENATE,8454,994144,0.850379824,LIBERTARIAN
2000,MISSOURI,US SENATE,4166,2361586,0.176406872,OTHER
2000,MISSOURI,US SENATE,10612,2361586,0.449359032,OTHER
2000,MISSOURI,US SENATE,1933,2361586,0.081851772,OTHER
2000,MISSOURI,US SENATE,1142852,2361586,48.39341019,REPUBLICAN
2000,MISSOURI,US SENATE,13,2361586,0.000550478,OTHER
2000,MISSOURI,US SENATE,1191812,2361586,50.46659321,DEMOCRAT
2000,MISSOURI,US SENATE,10198,2361586,0.431828441,LIBERTARIAN
2000,MONTANA,US SENATE,9089,411601,2.208206491,OTHER
2000,MONTANA,US SENATE,194430,411601,47.23749456,DEMOCRAT
2000,MONTANA,US SENATE,208082,411601,50.55429894,REPUBLICAN
2000,NEBRASKA,US SENATE,337977,692350,48.81591681,REPUBLICAN
2000,NEBRASKA,US SENATE,353093,692350,50.9992056,DEMOCRAT
2000,NEBRASKA,US SENATE,1280,692350,0.184877591,OTHER
2000,NEVADA,US SENATE,330687,600776,55.04331065,REPUBLICAN
2000,NEVADA,US SENATE,457,600776,0.076068285,OTHER
2000,NEVADA,US SENATE,5395,600776,0.898005247,LIBERTARIAN
2000,NEVADA,US SENATE,2540,600776,0.422786529,OTHER
2000,NEVADA,US SENATE,11503,600776,1.914690334,OTHER
2000,NEVADA,US SENATE,69,600776,0.011485146,OTHER
2000,NEVADA,US SENATE,1579,600776,0.262826744,OTHER
2000,NEVADA,US SENATE,238260,600776,39.65870807,DEMOCRAT
2000,NEVADA,US SENATE,10286,600776,1.712118993,OTHER
2000,NEW JERSEY,US SENATE,5657,3015662,0.187587336,OTHER
2000,NEW JERSEY,US SENATE,1420267,3015662,47.09635894,REPUBLICAN
2000,NEW JERSEY,US SENATE,1511237,3015662,50.11294369,DEMOCRAT
2000,NEW JERSEY,US SENATE,3365,3015662,0.111584123,OTHER
2000,NEW JERSEY,US SENATE,19312,3015662,0.64039007,OTHER
2000,NEW JERSEY,US SENATE,2536,3015662,0.084094305,OTHER
2000,NEW JERSEY,US SENATE,7241,3015662,0.240113116,OTHER
2000,NEW JERSEY,US SENATE,3309,3015662,0.109727151,OTHER
2000,NEW JERSEY,US SENATE,32841,3015662,1.089014618,OTHER
2000,NEW JERSEY,US SENATE,3836,3015662,0.127202584,OTHER
2000,NEW JERSEY,US SENATE,6061,3015662,0.200984063,OTHER
2000,NEW MEXICO,US SENATE,225517,589526,38.25395318,REPUBLICAN
2000,NEW MEXICO,US SENATE,265,589526,0.044951368,OTHER
2000,NEW MEXICO,US SENATE,363744,589526,61.70109546,DEMOCRAT
2000,NEW YORK,US SENATE,179823,6959662,2.58378927,OTHER
2000,NEW YORK,US SENATE,3414,6959662,0.049054106,OTHER
2000,NEW YORK,US SENATE,82801,6959662,1.189727317,OTHER
2000,NEW YORK,US SENATE,21439,6959662,0.308046569,OTHER
2000,NEW YORK,US SENATE,102094,6959662,1.466939055,OTHER
2000,NEW YORK,US SENATE,191141,6959662,2.74641211,OTHER
2000,NEW YORK,US SENATE,2724589,6959662,39.14829485,REPUBLICAN
2000,NEW YORK,US SENATE,43181,6959662,0.620446798,OTHER
2000,NEW YORK,US SENATE,3040,6959662,0.043680282,OTHER
2000,NEW YORK,US SENATE,3562415,6959662,51.18660935,DEMOCRAT
2000,NEW YORK,US SENATE,40991,6959662,0.588979752,OTHER
2000,NEW YORK,US SENATE,4734,6959662,0.068020545,LIBERTARIAN
2000,NORTH DAKOTA,US SENATE,176470,287539,61.37254425,DEMOCRAT
2000,NORTH DAKOTA,US SENATE,111069,287539,38.62745575,REPUBLICAN
2000,OHIO,US SENATE,786,4448801,0.017667682,OTHER
2000,OHIO,US SENATE,70713,4448801,1.589484448,OTHER
2000,OHIO,US SENATE,116724,4448801,2.623718166,LIBERTARIAN
2000,OHIO,US SENATE,1595066,4448801,35.85384017,DEMOCRAT
2000,OHIO,US SENATE,2665512,4448801,59.91528954,REPUBLICAN
2000,PENNSYLVANIA,US SENATE,2154908,4735116,45.50908573,DEMOCRAT
2000,PENNSYLVANIA,US SENATE,45775,4735116,0.966713381,LIBERTARIAN
2000,PENNSYLVANIA,US SENATE,24089,4735116,0.508730937,OTHER
2000,PENNSYLVANIA,US SENATE,2481962,4735116,52.41607597,REPUBLICAN
2000,PENNSYLVANIA,US SENATE,28382,4735116,0.599393975,OTHER
2000,RHODE ISLAND,US SENATE,161023,391353,41.1452065,DEMOCRAT
2000,RHODE ISLAND,US SENATE,222588,391353,56.87652835,REPUBLICAN
2000,RHODE ISLAND,US SENATE,3635,391353,0.92882896,OTHER
2000,RHODE ISLAND,US SENATE,4107,391353,1.049436187,OTHER
2000,TENNESSEE,US SENATE,621152,1928613,32.20718724,DEMOCRAT
2000,TENNESSEE,US SENATE,4388,1928613,0.227521022,OTHER
2000,TENNESSEE,US SENATE,259,1928613,0.01342934,OTHER
2000,TENNESSEE,US SENATE,8416,1928613,0.436375779,OTHER
2000,TENNESSEE,US SENATE,10004,1928613,0.518714745,OTHER
2000,TENNESSEE,US SENATE,1255444,1928613,65.09569312,REPUBLICAN
2000,TENNESSEE,US SENATE,25815,1928613,1.338526703,OTHER
2000,TENNESSEE,US SENATE,3135,1928613,0.162552052,OTHER
2000,TEXAS,US SENATE,2025024,6267964,32.30752442,DEMOCRAT
2000,TEXAS,US SENATE,4078954,6267964,65.07621933,REPUBLICAN
2000,TEXAS,US SENATE,72657,6267964,1.159180238,LIBERTARIAN
2000,TEXAS,US SENATE,91329,6267964,1.457076014,OTHER
2000,UTAH,US SENATE,242569,769704,31.51458223,DEMOCRAT
2000,UTAH,US SENATE,10394,769704,1.350389241,LIBERTARIAN
2000,UTAH,US SENATE,11938,769704,1.550985834,OTHER
2000,UTAH,US SENATE,504803,769704,65.5840427,REPUBLICAN
2000,VERMONT,US SENATE,10079,288500,3.493587522,OTHER
2000,VERMONT,US SENATE,5366,288500,1.859965338,OTHER
2000,VERMONT,US SENATE,73352,288500,25.42530329,DEMOCRAT
2000,VERMONT,US SENATE,1477,288500,0.511958406,OTHER
2000,VERMONT,US SENATE,3843,288500,1.332062392,LIBERTARIAN
2000,VERMONT,US SENATE,189133,288500,65.55736568,REPUBLICAN
2000,VERMONT,US SENATE,4889,288500,1.694627383,OTHER
2000,VERMONT,US SENATE,361,288500,0.125129983,OTHER
2000,VIRGINIA,US SENATE,1296093,2718301,47.68026057,DEMOCRAT
2000,VIRGINIA,US SENATE,1748,2718301,0.064304873,OTHER
2000,VIRGINIA,US SENATE,1420460,2718301,52.25543455,REPUBLICAN
2000,WASHINGTON,US SENATE,1197208,2461379,48.63972594,REPUBLICAN
2000,WASHINGTON,US SENATE,1199437,2461379,48.73028493,DEMOCRAT
2000,WASHINGTON,US SENATE,64734,2461379,2.629989124,LIBERTARIAN
2000,WEST VIRGINIA,US SENATE,12627,603477,2.092374689,LIBERTARIAN
2000,WEST VIRGINIA,US SENATE,469215,603477,77.75192758,DEMOCRAT
2000,WEST VIRGINIA,US SENATE,121635,603477,20.15569773,REPUBLICAN
2000,WISCONSIN,US SENATE,1563238,2540083,61.54279211,DEMOCRAT
2000,WISCONSIN,US SENATE,9555,2540083,0.37616881,OTHER
2000,WISCONSIN,US SENATE,902,2540083,0.035510651,OTHER
2000,WISCONSIN,US SENATE,21348,2540083,0.840444978,LIBERTARIAN
2000,WISCONSIN,US SENATE,940744,2540083,37.03595512,REPUBLICAN
2000,WISCONSIN,US SENATE,4296,2540083,0.169128332,OTHER
2000,WYOMING,US SENATE,157622,213659,73.77269387,REPUBLICAN
2000,WYOMING,US SENATE,8950,213659,4.188917855,LIBERTARIAN
2000,WYOMING,US SENATE,47087,213659,22.03838827,DEMOCRAT
2002,ALABAMA,US SENATE,792561,1353023,58.57705301,REPUBLICAN
2002,ALABAMA,US SENATE,20234,1353023,1.495466079,LIBERTARIAN
2002,ALABAMA,US SENATE,1350,1353023,0.099776574,OTHER
2002,ALABAMA,US SENATE,538878,1353023,39.82770433,DEMOCRAT
2002,ALASKA,US SENATE,6724,229548,2.929234844,OTHER
2002,ALASKA,US SENATE,179438,229548,78.17014306,REPUBLICAN
2002,ALASKA,US SENATE,291,229548,0.126770871,OTHER
2002,ALASKA,US SENATE,2354,229548,1.025493579,LIBERTARIAN
2002,ALASKA,US SENATE,16608,229548,7.235088086,OTHER
2002,ALASKA,US SENATE,24133,229548,10.51326956,DEMOCRAT
2002,ARKANSAS,US SENATE,370735,804121,46.10437981,REPUBLICAN
2002,ARKANSAS,US SENATE,433386,804121,53.89562019,DEMOCRAT
2002,COLORADO,US SENATE,21547,1416082,1.521592676,OTHER
2002,COLORADO,US SENATE,596,1416082,0.042087958,OTHER
2002,COLORADO,US SENATE,717893,1416082,50.69572242,REPUBLICAN
2002,COLORADO,US SENATE,7140,1416082,0.50420809,OTHER
2002,COLORADO,US SENATE,20776,1416082,1.467146677,LIBERTARIAN
2002,COLORADO,US SENATE,648130,1416082,45.76924218,DEMOCRAT
2002,DELAWARE,US SENATE,996,232314,0.428730081,OTHER
2002,DELAWARE,US SENATE,922,232314,0.396876641,LIBERTARIAN
2002,DELAWARE,US SENATE,135253,232314,58.21990926,DEMOCRAT
2002,DELAWARE,US SENATE,94793,232314,40.80382586,REPUBLICAN
2002,DELAWARE,US SENATE,350,232314,0.150658161,OTHER
2002,GEORGIA,US SENATE,1071352,2031604,52.73429271,REPUBLICAN
2002,GEORGIA,US SENATE,932422,2031604,45.89585372,DEMOCRAT
2002,GEORGIA,US SENATE,27830,2031604,1.369853574,LIBERTARIAN
2002,IDAHO,US SENATE,266215,408544,65.16189199,REPUBLICAN
2002,IDAHO,US SENATE,132975,408544,32.54851375,DEMOCRAT
2002,IDAHO,US SENATE,9354,408544,2.289594266,LIBERTARIAN
2002,ILLINOIS,US SENATE,1325703,3486851,38.02006452,REPUBLICAN
2002,ILLINOIS,US SENATE,57382,3486851,1.645668255,LIBERTARIAN
2002,ILLINOIS,US SENATE,2103766,3486851,60.33426722,DEMOCRAT
2002,IOWA,US SENATE,8864,1023075,0.866407644,LIBERTARIAN
2002,IOWA,US SENATE,11340,1023075,1.108423136,OTHER
2002,IOWA,US SENATE,447892,1023075,43.77899958,REPUBLICAN
2002,IOWA,US SENATE,701,1023075,0.068518926,OTHER
2002,IOWA,US SENATE,554278,1023075,54.17765071,DEMOCRAT
2002,KANSAS,US SENATE,70725,776850,9.104074146,LIBERTARIAN
2002,KANSAS,US SENATE,65050,776850,8.373559889,OTHER
2002,KANSAS,US SENATE,641075,776850,82.52236597,REPUBLICAN
2002,KENTUCKY,US SENATE,731679,1131313,64.67520483,REPUBLICAN
2002,KENTUCKY,US SENATE,399634,1131313,35.32479517,DEMOCRAT
2002,LOUISIANA,US SENATE,2423,2481629,0.097637479,OTHER
2002,LOUISIANA,US SENATE,119776,2481629,4.826507105,REPUBLICAN
2002,LOUISIANA,US SENATE,171752,2481629,6.920937819,REPUBLICAN
2002,LOUISIANA,US SENATE,638654,2481629,25.73527308,DEMOCRAT
2002,LOUISIANA,US SENATE,23553,2481629,0.949094325,DEMOCRAT
2002,LOUISIANA,US SENATE,596642,2481629,24.04235283,REPUBLICAN
2002,LOUISIANA,US SENATE,339506,2481629,13.68077178,REPUBLICAN
2002,LOUISIANA,US SENATE,10442,2481629,0.420772001,OTHER
2002,LOUISIANA,US SENATE,3866,2481629,0.155784769,OTHER
2002,LOUISIANA,US SENATE,1668,2481629,0.067213915,REPUBLICAN
2002,LOUISIANA,US SENATE,573347,2481629,23.1036549,DEMOCRAT
2002,MAINE,US SENATE,295041,504899,58.43564753,REPUBLICAN
2002,MAINE,US SENATE,209858,504899,41.56435247,DEMOCRAT
2002,MASSACHUSETTS,US SENATE,6077,2220301,0.273701629,OTHER
2002,MASSACHUSETTS,US SENATE,24898,2220301,1.121379489,OTHER
2002,MASSACHUSETTS,US SENATE,369807,2220301,16.6557147,LIBERTARIAN
2002,MASSACHUSETTS,US SENATE,213543,2220301,9.617750026,OTHER
2002,MASSACHUSETTS,US SENATE,1605976,2220301,72.33145416,DEMOCRAT
2002,MICHIGAN,US SENATE,12831,3129287,0.410029505,OTHER
2002,MICHIGAN,US SENATE,1896614,3129287,60.60850283,DEMOCRAT
2002,MICHIGAN,US SENATE,1185545,3129287,37.8854672,REPUBLICAN
2002,MICHIGAN,US SENATE,10366,3129287,0.331257568,OTHER
2002,MICHIGAN,US SENATE,23931,3129287,0.764742895,OTHER
2002,MINNESOTA,US SENATE,7,2254636,0.000310471,OTHER
2002,MINNESOTA,US SENATE,1116697,2254636,49.52892618,REPUBLICAN
2002,MINNESOTA,US SENATE,3,2254636,0.000133059,OTHER
2002,MINNESOTA,US SENATE,1790,2254636,0.079391973,OTHER
2002,MINNESOTA,US SENATE,11381,2254636,0.504782147,DEMOCRAT
2002,MINNESOTA,US SENATE,45139,2254636,2.002052659,OTHER
2002,MINNESOTA,US SENATE,10119,2254636,0.448808588,OTHER
2002,MINNESOTA,US SENATE,1067246,2254636,47.33562313,DEMOCRAT
2002,MINNESOTA,US SENATE,2254,2254636,0.099971791,OTHER
2002,MISSISSIPPI,US SENATE,533269,630495,84.57941776,REPUBLICAN
2002,MISSISSIPPI,US SENATE,97226,630495,15.42058224,OTHER
2002,MISSOURI,US SENATE,913778,1877620,48.66682289,DEMOCRAT
2002,MISSOURI,US SENATE,10465,1877620,0.557354523,OTHER
2002,MISSOURI,US SENATE,935032,1877620,49.79878783,REPUBLICAN
2002,MISSOURI,US SENATE,18345,1877620,0.977034757,LIBERTARIAN
2002,MONTANA,US SENATE,204853,326537,62.735004,DEMOCRAT
2002,MONTANA,US SENATE,10420,326537,3.191062575,LIBERTARIAN
2002,MONTANA,US SENATE,103611,326537,31.73024803,REPUBLICAN
2002,MONTANA,US SENATE,7653,326537,2.343685402,OTHER
2002,NEBRASKA,US SENATE,70290,480217,14.6371328,DEMOCRAT
2002,NEBRASKA,US SENATE,5066,480217,1.054939746,OTHER
2002,NEBRASKA,US SENATE,397438,480217,82.76216794,REPUBLICAN
2002,NEBRASKA,US SENATE,7423,480217,1.545759521,LIBERTARIAN
2002,NEW HAMPSHIRE,US SENATE,9835,447135,2.199559417,LIBERTARIAN
2002,NEW HAMPSHIRE,US SENATE,207478,447135,46.40164604,DEMOCRAT
2002,NEW HAMPSHIRE,US SENATE,197,447135,0.044058282,OTHER
2002,NEW HAMPSHIRE,US SENATE,227229,447135,50.8188802,REPUBLICAN
2002,NEW HAMPSHIRE,US SENATE,2396,447135,0.535856061,OTHER
2002,NEW JERSEY,US SENATE,2702,2112604,0.127899029,OTHER
2002,NEW JERSEY,US SENATE,12558,2112604,0.594432274,LIBERTARIAN
2002,NEW JERSEY,US SENATE,6404,2112604,0.303133006,OTHER
2002,NEW JERSEY,US SENATE,928439,2112604,43.94761157,REPUBLICAN
2002,NEW JERSEY,US SENATE,1138193,2112604,53.87630621,DEMOCRAT
2002,NEW JERSEY,US SENATE,24308,2112604,1.15061791,OTHER
2002,NEW MEXICO,US SENATE,168863,483056,34.95723063,DEMOCRAT
2002,NEW MEXICO,US SENATE,314193,483056,65.04276937,REPUBLICAN
2002,NORTH CAROLINA,US SENATE,33807,2331181,1.450209143,LIBERTARIAN
2002,NORTH CAROLINA,US SENATE,727,2331181,0.03118591,OTHER
2002,NORTH CAROLINA,US SENATE,1047983,2331181,44.95502494,DEMOCRAT
2002,NORTH CAROLINA,US SENATE,1248664,2331181,53.56358001,REPUBLICAN
2002,OKLAHOMA,US SENATE,65056,1018424,6.387909162,OTHER
2002,OKLAHOMA,US SENATE,583579,1018424,57.30216491,REPUBLICAN
2002,OKLAHOMA,US SENATE,369789,1018424,36.30992592,DEMOCRAT
2002,OREGON,US SENATE,712287,1267221,56.20858556,REPUBLICAN
2002,OREGON,US SENATE,1354,1267221,0.106847977,OTHER
2002,OREGON,US SENATE,29979,1267221,2.365727841,LIBERTARIAN
2002,OREGON,US SENATE,21703,1267221,1.712645229,OTHER
2002,OREGON,US SENATE,501898,1267221,39.60619339,DEMOCRAT
2002,RHODE ISLAND,US SENATE,253774,323582,78.42648849,DEMOCRAT
2002,RHODE ISLAND,US SENATE,69808,323582,21.57351151,REPUBLICAN
2002,SOUTH CAROLINA,US SENATE,8228,1102912,0.746025068,OTHER
2002,SOUTH CAROLINA,US SENATE,600010,1102912,54.40234579,REPUBLICAN
2002,SOUTH CAROLINA,US SENATE,487359,1102912,44.18838493,DEMOCRAT
2002,SOUTH CAROLINA,US SENATE,6648,1102912,0.602767945,LIBERTARIAN
2002,SOUTH CAROLINA,US SENATE,667,1102912,0.060476266,OTHER
2002,SOUTH DAKOTA,US SENATE,3071,337501,0.90992323,LIBERTARIAN
2002,SOUTH DAKOTA,US SENATE,167481,337501,49.62385297,DEMOCRAT
2002,SOUTH DAKOTA,US SENATE,166949,337501,49.4662238,REPUBLICAN
2002,TENNESSEE,US SENATE,6106,1642432,0.371765772,OTHER
2002,TENNESSEE,US SENATE,2217,1642432,0.134982757,OTHER
2002,TENNESSEE,US SENATE,728232,1642432,44.33863929,DEMOCRAT
2002,TENNESSEE,US SENATE,356,1642432,0.021675174,OTHER
2002,TENNESSEE,US SENATE,5349,1642432,0.325675584,OTHER
2002,TENNESSEE,US SENATE,1170,1642432,0.071235826,OTHER
2002,TENNESSEE,US SENATE,6401,1642432,0.389726942,OTHER
2002,TENNESSEE,US SENATE,891498,1642432,54.27914215,REPUBLICAN
2002,TENNESSEE,US SENATE,1103,1642432,0.067156509,OTHER
2002,TEXAS,US SENATE,1422,4514012,0.03150191,OTHER
2002,TEXAS,US SENATE,25051,4514012,0.554960864,OTHER
2002,TEXAS,US SENATE,2496243,4514012,55.29987514,REPUBLICAN
2002,TEXAS,US SENATE,1955758,4514012,43.32638017,DEMOCRAT
2002,TEXAS,US SENATE,35538,4514012,0.787281912,LIBERTARIAN
2002,VIRGINIA,US SENATE,145102,1489422,9.742168438,OTHER
2002,VIRGINIA,US SENATE,106055,1489422,7.120547434,OTHER
2002,VIRGINIA,US SENATE,1229894,1489422,82.57525402,REPUBLICAN
2002,VIRGINIA,US SENATE,8371,1489422,0.562030103,OTHER
2002,WEST VIRGINIA,US SENATE,160902,436183,36.88864536,REPUBLICAN
2002,WEST VIRGINIA,US SENATE,275281,436183,63.11135464,DEMOCRAT
2002,WYOMING,US SENATE,49570,183280,27.04604976,DEMOCRAT
2002,WYOMING,US SENATE,133710,183280,72.95395024,REPUBLICAN
2004,ALABAMA,US SENATE,1848,1839066,0.10048579,OTHER
2004,ALABAMA,US SENATE,1242200,1839066,67.54515607,REPUBLICAN
2004,ALABAMA,US SENATE,595018,1839066,32.35435814,DEMOCRAT
2004,ALASKA,US SENATE,3053,308315,0.99022104,OTHER
2004,ALASKA,US SENATE,140424,308315,45.54562704,DEMOCRAT
2004,ALASKA,US SENATE,149773,308315,48.57791544,REPUBLICAN
2004,ALASKA,US SENATE,423,308315,0.137197347,OTHER
2004,ALASKA,US SENATE,1240,308315,0.402186076,OTHER
2004,ALASKA,US SENATE,8885,308315,2.881792971,OTHER
2004,ALASKA,US SENATE,3785,308315,1.227640562,OTHER
2004,ALASKA,US SENATE,732,308315,0.237419522,OTHER
2004,ARIZONA,US SENATE,51798,1961677,2.640495861,LIBERTARIAN
2004,ARIZONA,US SENATE,404507,1961677,20.62046912,DEMOCRAT
2004,ARIZONA,US SENATE,1505372,1961677,76.73903502,REPUBLICAN
2004,ARKANSAS,US SENATE,212,1039349,0.020397383,OTHER
2004,ARKANSAS,US SENATE,128,1039349,0.012315401,OTHER
2004,ARKANSAS,US SENATE,580973,1039349,55.89777832,DEMOCRAT
2004,ARKANSAS,US SENATE,458036,1039349,44.06950889,REPUBLICAN
2004,CALIFORNIA,US SENATE,6955728,12053295,57.70810388,DEMOCRAT
2004,CALIFORNIA,US SENATE,81224,12053295,0.673873825,OTHER
2004,CALIFORNIA,US SENATE,216522,12053295,1.796371863,LIBERTARIAN
2004,CALIFORNIA,US SENATE,243846,12053295,2.023065062,OTHER
2004,CALIFORNIA,US SENATE,53,12053295,0.000439714,OTHER
2004,CALIFORNIA,US SENATE,4555922,12053295,37.79814565,REPUBLICAN
2004,COLORADO,US SENATE,1081188,2107472,51.30260331,DEMOCRAT
2004,COLORADO,US SENATE,1750,2107472,0.083037877,OTHER
2004,COLORADO,US SENATE,18783,2107472,0.891257393,OTHER
2004,COLORADO,US SENATE,10160,2107472,0.482094187,LIBERTARIAN
2004,COLORADO,US SENATE,6481,2107472,0.307524845,OTHER
2004,COLORADO,US SENATE,980668,2107472,46.53290767,REPUBLICAN
2004,COLORADO,US SENATE,8442,2107472,0.400574717,OTHER
2004,CONNECTICUT,US SENATE,9188,1424726,0.644895931,LIBERTARIAN
2004,CONNECTICUT,US SENATE,457749,1424726,32.12891461,REPUBLICAN
2004,CONNECTICUT,US SENATE,945347,1424726,66.35289873,DEMOCRAT
2004,CONNECTICUT,US SENATE,12442,1424726,0.873290724,OTHER
2004,FLORIDA,US SENATE,16,7429894,0.000215346,OTHER
2004,FLORIDA,US SENATE,27,7429894,0.000363397,OTHER
2004,FLORIDA,US SENATE,119,7429894,0.001601638,OTHER
2004,FLORIDA,US SENATE,3672864,7429894,49.43359892,REPUBLICAN
2004,FLORIDA,US SENATE,25,7429894,0.000336479,OTHER
2004,FLORIDA,US SENATE,3590201,7429894,48.32102585,DEMOCRAT
2004,FLORIDA,US SENATE,166642,7429894,2.242858377,OTHER
2004,GEORGIA,US SENATE,7,3220981,0.000217325,OTHER
2004,GEORGIA,US SENATE,1864202,3220981,57.87683939,REPUBLICAN
2004,GEORGIA,US SENATE,31,3220981,0.00096244,OTHER
2004,GEORGIA,US SENATE,1287690,3220981,39.97819298,DEMOCRAT
2004,GEORGIA,US SENATE,69051,3220981,2.143787871,LIBERTARIAN
2004,HAWAII,US SENATE,313629,415347,75.51011564,DEMOCRAT
2004,HAWAII,US SENATE,9269,415347,2.231628012,OTHER
2004,HAWAII,US SENATE,87172,415347,20.98775241,REPUBLICAN
2004,HAWAII,US SENATE,5277,415347,1.27050394,LIBERTARIAN
2004,IDAHO,US SENATE,4136,503932,0.820745656,OTHER
2004,IDAHO,US SENATE,499796,503932,99.17925434,REPUBLICAN
2004,ILLINOIS,US SENATE,69253,5141520,1.346936315,LIBERTARIAN
2004,ILLINOIS,US SENATE,1390690,5141520,27.04822698,REPUBLICAN
2004,ILLINOIS,US SENATE,3597456,5141520,69.9687252,DEMOCRAT
2004,ILLINOIS,US SENATE,81164,5141520,1.578599325,OTHER
2004,ILLINOIS,US SENATE,2957,5141520,0.057512175,OTHER
2004,INDIANA,US SENATE,27344,2428233,1.126086335,LIBERTARIAN
2004,INDIANA,US SENATE,903913,2428233,37.22513449,REPUBLICAN
2004,INDIANA,US SENATE,1496976,2428233,61.64877917,DEMOCRAT
2004,IOWA,US SENATE,412365,1479228,27.87704127,DEMOCRAT
2004,IOWA,US SENATE,475,1479228,0.032111345,OTHER
2004,IOWA,US SENATE,15218,1479228,1.028779877,LIBERTARIAN
2004,IOWA,US SENATE,1874,1479228,0.126687705,OTHER
2004,IOWA,US SENATE,11121,1479228,0.75181108,OTHER
2004,IOWA,US SENATE,1038175,1479228,70.18356873,REPUBLICAN
2004,KANSAS,US SENATE,15980,1129022,1.415384288,OTHER
2004,KANSAS,US SENATE,310337,1129022,27.48724117,DEMOCRAT
2004,KANSAS,US SENATE,21842,1129022,1.93459472,LIBERTARIAN
2004,KANSAS,US SENATE,780863,1129022,69.16277982,REPUBLICAN
2004,KENTUCKY,US SENATE,850855,1724362,49.34317736,DEMOCRAT
2004,KENTUCKY,US SENATE,873507,1724362,50.65682264,REPUBLICAN
2004,LOUISIANA,US SENATE,275821,1848056,14.92492652,DEMOCRAT
2004,LOUISIANA,US SENATE,15097,1848056,0.816912475,OTHER
2004,LOUISIANA,US SENATE,12289,1848056,0.664969027,DEMOCRAT
2004,LOUISIANA,US SENATE,542150,1848056,29.33623224,DEMOCRAT
2004,LOUISIANA,US SENATE,943014,1848056,51.02734982,REPUBLICAN
2004,LOUISIANA,US SENATE,47222,1848056,2.555225599,DEMOCRAT
2004,LOUISIANA,US SENATE,12463,1848056,0.674384326,OTHER
2004,MARYLAND,US SENATE,47,2321931,0.002024177,OTHER
2004,MARYLAND,US SENATE,1504691,2321931,64.803433,DEMOCRAT
2004,MARYLAND,US SENATE,783055,2321931,33.72430102,REPUBLICAN
2004,MARYLAND,US SENATE,204,2321931,0.008785791,OTHER
2004,MARYLAND,US SENATE,109,2321931,0.004694369,OTHER
2004,MARYLAND,US SENATE,9009,2321931,0.387996026,OTHER
2004,MARYLAND,US SENATE,24816,2321931,1.068765609,OTHER
2004,MISSOURI,US SENATE,1158261,2706402,42.79707893,DEMOCRAT
2004,MISSOURI,US SENATE,10404,2706402,0.384421826,OTHER
2004,MISSOURI,US SENATE,1518089,2706402,56.09251693,REPUBLICAN
2004,MISSOURI,US SENATE,19648,2706402,0.725982319,LIBERTARIAN
2004,NEVADA,US SENATE,284640,810068,35.1377909,REPUBLICAN
2004,NEVADA,US SENATE,494805,810068,61.08190917,DEMOCRAT
2004,NEVADA,US SENATE,12968,810068,1.600853262,OTHER
2004,NEVADA,US SENATE,2095,810068,0.258620264,OTHER
2004,NEVADA,US SENATE,6001,810068,0.740802007,OTHER
2004,NEVADA,US SENATE,9559,810068,1.180024393,LIBERTARIAN
2004,NEW HAMPSHIRE,US SENATE,102,657086,0.015523082,OTHER
2004,NEW HAMPSHIRE,US SENATE,221549,657086,33.71689551,DEMOCRAT
2004,NEW HAMPSHIRE,US SENATE,588,657086,0.089486003,OTHER
2004,NEW HAMPSHIRE,US SENATE,434847,657086,66.17809541,REPUBLICAN
2004,NEW YORK,US SENATE,36942,7447818,0.496011046,OTHER
2004,NEW YORK,US SENATE,216198,7447818,2.902836777,OTHER
2004,NEW YORK,US SENATE,19073,7447818,0.256088428,LIBERTARIAN
2004,NEW YORK,US SENATE,744943,7447818,10.00216439,OTHER
2004,NEW YORK,US SENATE,220960,7447818,2.966774967,OTHER
2004,NEW YORK,US SENATE,168719,7447818,2.265348052,OTHER
2004,NEW YORK,US SENATE,16196,7447818,0.217459664,OTHER
2004,NEW YORK,US SENATE,1625069,7447818,21.81939731,REPUBLICAN
2004,NEW YORK,US SENATE,4384907,7447818,58.87505575,DEMOCRAT
2004,NEW YORK,US SENATE,14811,7447818,0.198863613,OTHER
2004,NORTH CAROLINA,US SENATE,1632527,3472082,47.0186764,DEMOCRAT
2004,NORTH CAROLINA,US SENATE,362,3472082,0.010426021,OTHER
2004,NORTH CAROLINA,US SENATE,47743,3472082,1.37505393,LIBERTARIAN
2004,NORTH CAROLINA,US SENATE,1791450,3472082,51.59584365,REPUBLICAN
2004,NORTH DAKOTA,US SENATE,212143,310696,68.27992636,DEMOCRAT
2004,NORTH DAKOTA,US SENATE,98553,310696,31.72007364,REPUBLICAN
2004,OHIO,US SENATE,296,5425823,0.005455394,OTHER
2004,OHIO,US SENATE,1961171,5425823,36.14513411,DEMOCRAT
2004,OHIO,US SENATE,3464356,5425823,63.84941049,REPUBLICAN
2004,OKLAHOMA,US SENATE,596750,1446846,41.24488715,DEMOCRAT
2004,OKLAHOMA,US SENATE,86663,1446846,5.989787441,OTHER
2004,OKLAHOMA,US SENATE,763433,1446846,52.7653254,REPUBLICAN
2004,OREGON,US SENATE,43053,1780550,2.417960742,OTHER
2004,OREGON,US SENATE,29582,1780550,1.661396759,LIBERTARIAN
2004,OREGON,US SENATE,1536,1780550,0.08626548,OTHER
2004,OREGON,US SENATE,565254,1780550,31.74603353,REPUBLICAN
2004,OREGON,US SENATE,1128728,1780550,63.39209795,DEMOCRAT
2004,OREGON,US SENATE,12397,1780550,0.696245542,OTHER
2004,PENNSYLVANIA,US SENATE,79263,5559105,1.425823042,LIBERTARIAN
2004,PENNSYLVANIA,US SENATE,220056,5559105,3.958478928,OTHER
2004,PENNSYLVANIA,US SENATE,2925080,5559105,52.61782247,REPUBLICAN
2004,PENNSYLVANIA,US SENATE,580,5559105,0.010433334,OTHER
2004,PENNSYLVANIA,US SENATE,2334126,5559105,41.98744222,DEMOCRAT
2004,SOUTH CAROLINA,US SENATE,5859,1597221,0.366824629,OTHER
2004,SOUTH CAROLINA,US SENATE,1286,1597221,0.080514844,OTHER
2004,SOUTH CAROLINA,US SENATE,13464,1597221,0.842964123,OTHER
2004,SOUTH CAROLINA,US SENATE,10678,1597221,0.668536164,LIBERTARIAN
2004,SOUTH CAROLINA,US SENATE,857167,1597221,53.66614889,REPUBLICAN
2004,SOUTH CAROLINA,US SENATE,704384,1597221,44.10059722,DEMOCRAT
2004,SOUTH CAROLINA,US SENATE,4245,1597221,0.265774116,OTHER
2004,SOUTH CAROLINA,US SENATE,138,1597221,0.008640007,OTHER
2004,SOUTH DAKOTA,US SENATE,193340,391188,49.42380646,DEMOCRAT
2004,SOUTH DAKOTA,US SENATE,197848,391188,50.57619354,REPUBLICAN
2004,UTAH,US SENATE,258955,911726,28.40272187,DEMOCRAT
2004,UTAH,US SENATE,626640,911726,68.73117581,REPUBLICAN
2004,UTAH,US SENATE,18,911726,0.001974277,OTHER
2004,UTAH,US SENATE,8824,911726,0.967834635,OTHER
2004,UTAH,US SENATE,17289,911726,1.896293404,OTHER
2004,VERMONT,US SENATE,879,307208,0.286125361,OTHER
2004,VERMONT,US SENATE,3999,307208,1.301723913,OTHER
2004,VERMONT,US SENATE,3300,307208,1.074190776,OTHER
2004,VERMONT,US SENATE,174,307208,0.05663915,OTHER
2004,VERMONT,US SENATE,75398,307208,24.54298065,REPUBLICAN
2004,VERMONT,US SENATE,216972,307208,70.627067,DEMOCRAT
2004,VERMONT,US SENATE,6486,307208,2.111273144,OTHER
2004,WASHINGTON,US SENATE,1549708,2818651,54.98048535,DEMOCRAT
2004,WASHINGTON,US SENATE,30304,2818651,1.075124235,OTHER
2004,WASHINGTON,US SENATE,1204584,2818651,42.73618834,REPUBLICAN
2004,WASHINGTON,US SENATE,34055,2818651,1.20820208,LIBERTARIAN
2004,WISCONSIN,US SENATE,8367,2949743,0.28365183,LIBERTARIAN
2004,WISCONSIN,US SENATE,834,2949743,0.02827365,OTHER
2004,WISCONSIN,US SENATE,1632697,2949743,55.35048308,DEMOCRAT
2004,WISCONSIN,US SENATE,1301183,2949743,44.11174126,REPUBLICAN
2004,WISCONSIN,US SENATE,6662,2949743,0.225850184,OTHER
2006,ARIZONA,US SENATE,664141,1526782,43.49939939,DEMOCRAT
2006,ARIZONA,US SENATE,12,1526782,0.000785967,OTHER
2006,ARIZONA,US SENATE,814398,1526782,53.34081748,REPUBLICAN
2006,ARIZONA,US SENATE,48231,1526782,3.158997159,LIBERTARIAN
2006,CALIFORNIA,US SENATE,117764,8541476,1.378731264,OTHER
2006,CALIFORNIA,US SENATE,75350,8541476,0.882166033,OTHER
2006,CALIFORNIA,US SENATE,5076289,8541476,59.4310515,DEMOCRAT
2006,CALIFORNIA,US SENATE,326,8541476,0.003816671,OTHER
2006,CALIFORNIA,US SENATE,147074,8541476,1.721880387,OTHER
2006,CALIFORNIA,US SENATE,133851,8541476,1.567071078,LIBERTARIAN
2006,CALIFORNIA,US SENATE,2990822,8541476,35.01528307,REPUBLICAN
2006,CONNECTICUT,US SENATE,564095,1134777,49.70976676,OTHER
2006,CONNECTICUT,US SENATE,4638,1134777,0.408714664,OTHER
2006,CONNECTICUT,US SENATE,109198,1134777,9.622859822,REPUBLICAN
2006,CONNECTICUT,US SENATE,80,1134777,0.007049843,OTHER
2006,CONNECTICUT,US SENATE,450844,1134777,39.72974426,DEMOCRAT
2006,CONNECTICUT,US SENATE,5922,1134777,0.521864648,OTHER
2006,DELAWARE,US SENATE,69734,242972,28.70042639,REPUBLICAN
2006,DELAWARE,US SENATE,2671,242972,1.099303623,LIBERTARIAN
2006,DELAWARE,US SENATE,170567,242972,70.20026999,DEMOCRAT
2006,FLORIDA,US SENATE,24880,4793534,0.519032513,OTHER
2006,FLORIDA,US SENATE,16,4793534,0.000333783,OTHER
2006,FLORIDA,US SENATE,16628,4793534,0.346883948,OTHER
2006,FLORIDA,US SENATE,2890548,4793534,60.30098045,DEMOCRAT
2006,FLORIDA,US SENATE,19695,4793534,0.410865971,OTHER
2006,FLORIDA,US SENATE,78,4793534,0.001627192,OTHER
2006,FLORIDA,US SENATE,15562,4793534,0.324645658,OTHER
2006,FLORIDA,US SENATE,1826127,4793534,38.09563049,REPUBLICAN
2006,HAWAII,US SENATE,6415,342842,1.871124308,LIBERTARIAN
2006,HAWAII,US SENATE,126097,342842,36.77991611,REPUBLICAN
2006,HAWAII,US SENATE,210330,342842,61.34895958,DEMOCRAT
2006,INDIANA,US SENATE,1171553,1341111,87.35690036,REPUBLICAN
2006,INDIANA,US SENATE,294,1341111,0.021922123,OTHER
2006,INDIANA,US SENATE,168820,1341111,12.58807064,LIBERTARIAN
2006,INDIANA,US SENATE,444,1341111,0.033106879,OTHER
2006,MAINE,US SENATE,179,545128,0.032836325,OTHER
2006,MAINE,US SENATE,405596,545128,74.40380975,REPUBLICAN
2006,MAINE,US SENATE,26222,545128,4.810246401,OTHER
2006,MAINE,US SENATE,113131,545128,20.75310753,DEMOCRAT
2006,MARYLAND,US SENATE,120,1781139,0.006737262,OTHER
2006,MARYLAND,US SENATE,27564,1781139,1.547549068,OTHER
2006,MARYLAND,US SENATE,787182,1781139,44.19542776,REPUBLICAN
2006,MARYLAND,US SENATE,796,1781139,0.044690504,OTHER
2006,MARYLAND,US SENATE,965477,1781139,54.20559541,DEMOCRAT
2006,MASSACHUSETTS,US SENATE,1500738,2243835,66.88272533,DEMOCRAT
2006,MASSACHUSETTS,US SENATE,78345,2243835,3.491566893,OTHER
2006,MASSACHUSETTS,US SENATE,3220,2243835,0.143504313,OTHER
2006,MASSACHUSETTS,US SENATE,661532,2243835,29.48220346,REPUBLICAN
2006,MICHIGAN,US SENATE,24,3780142,0.000634897,OTHER
2006,MICHIGAN,US SENATE,2151278,3780142,56.90997851,DEMOCRAT
2006,MICHIGAN,US SENATE,23890,3780142,0.631986841,OTHER
2006,MICHIGAN,US SENATE,27012,3780142,0.714576331,LIBERTARIAN
2006,MICHIGAN,US SENATE,18341,3780142,0.485193413,OTHER
2006,MICHIGAN,US SENATE,1559597,3780142,41.25763,REPUBLICAN
2006,MINNESOTA,US SENATE,5408,2202772,0.245508841,OTHER
2006,MINNESOTA,US SENATE,835653,2202772,37.93642737,REPUBLICAN
2006,MINNESOTA,US SENATE,954,2202772,0.043309067,OTHER
2006,MINNESOTA,US SENATE,10714,2202772,0.486387152,OTHER
2006,MINNESOTA,US SENATE,1278849,2202772,58.056349,DEMOCRAT
2006,MINNESOTA,US SENATE,71194,2202772,3.232018566,OTHER
2006,MISSISSIPPI,US SENATE,9522,610921,1.55863033,LIBERTARIAN
2006,MISSISSIPPI,US SENATE,388399,610921,63.57597791,REPUBLICAN
2006,MISSISSIPPI,US SENATE,213000,610921,34.86539176,DEMOCRAT
2006,MISSOURI,US SENATE,47792,2128459,2.245380343,LIBERTARIAN
2006,MISSOURI,US SENATE,88,2128459,0.004134447,OTHER
2006,MISSOURI,US SENATE,1006941,2128459,47.3084518,REPUBLICAN
2006,MISSOURI,US SENATE,18383,2128459,0.863676491,OTHER
2006,MISSOURI,US SENATE,1055255,2128459,49.57835692,DEMOCRAT
2006,MONTANA,US SENATE,196283,406505,48.28550694,REPUBLICAN
2006,MONTANA,US SENATE,10377,406505,2.552736129,LIBERTARIAN
2006,MONTANA,US SENATE,199845,406505,49.16175693,DEMOCRAT
2006,NEBRASKA,US SENATE,213928,592316,36.11720771,REPUBLICAN
2006,NEBRASKA,US SENATE,378388,592316,63.88279229,DEMOCRAT
2006,NEVADA,US SENATE,7774,582572,1.334427333,OTHER
2006,NEVADA,US SENATE,5269,582572,0.904437563,LIBERTARIAN
2006,NEVADA,US SENATE,8232,582572,1.413044225,OTHER
2006,NEVADA,US SENATE,322501,582572,55.35813599,REPUBLICAN
2006,NEVADA,US SENATE,238796,582572,40.98995489,DEMOCRAT
2006,NEW JERSEY,US SENATE,41998,101973,41.18541182,REPUBLICAN
2006,NEW JERSEY,US SENATE,58333,101973,57.20435802,DEMOCRAT
2006,NEW JERSEY,US SENATE,90,101973,0.088258657,OTHER
2006,NEW JERSEY,US SENATE,263,101973,0.257911408,OTHER
2006,NEW JERSEY,US SENATE,345,101973,0.338324851,LIBERTARIAN
2006,NEW JERSEY,US SENATE,395,101973,0.387357438,OTHER
2006,NEW JERSEY,US SENATE,336,101973,0.329498985,OTHER
2006,NEW JERSEY,US SENATE,166,101973,0.162788189,OTHER
2006,NEW JERSEY,US SENATE,47,101973,0.046090632,OTHER
2006,NEW MEXICO,US SENATE,163826,558550,29.33058813,REPUBLICAN
2006,NEW MEXICO,US SENATE,359,558550,0.064273565,OTHER
2006,NEW MEXICO,US SENATE,394365,558550,70.6051383,DEMOCRAT
2006,NEW YORK,US SENATE,6004,4700632,0.127727506,OTHER
2006,NEW YORK,US SENATE,160705,4700632,3.4187956,OTHER
2006,NEW YORK,US SENATE,1212902,4700632,25.80295586,REPUBLICAN
2006,NEW YORK,US SENATE,6967,4700632,0.148214112,OTHER
2006,NEW YORK,US SENATE,55469,4700632,1.180032813,OTHER
2006,NEW YORK,US SENATE,179287,4700632,3.814104146,OTHER
2006,NEW YORK,US SENATE,20996,4700632,0.446663342,LIBERTARIAN
2006,NEW YORK,US SENATE,148792,4700632,3.165361594,OTHER
2006,NEW YORK,US SENATE,2698931,4700632,57.41634316,DEMOCRAT
2006,NEW YORK,US SENATE,210579,4700632,4.479801865,OTHER
2006,NORTH DAKOTA,US SENATE,2194,218152,1.005720782,OTHER
2006,NORTH DAKOTA,US SENATE,1395,218152,0.639462393,OTHER
2006,NORTH DAKOTA,US SENATE,64417,218152,29.52849389,REPUBLICAN
2006,NORTH DAKOTA,US SENATE,150146,218152,68.82632293,DEMOCRAT
2006,OHIO,US SENATE,830,4019236,0.020650691,OTHER
2006,OHIO,US SENATE,1761037,4019236,43.81521762,REPUBLICAN
2006,OHIO,US SENATE,2257369,4019236,56.16413169,DEMOCRAT
2006,PENNSYLVANIA,US SENATE,2392984,4081043,58.63657893,DEMOCRAT
2006,PENNSYLVANIA,US SENATE,3281,4081043,0.080396114,OTHER
2006,PENNSYLVANIA,US SENATE,1684778,4081043,41.28302495,REPUBLICAN
2006,RHODE ISLAND,US SENATE,178950,384993,46.4813646,REPUBLICAN
2006,RHODE ISLAND,US SENATE,206043,384993,53.5186354,DEMOCRAT
2006,TENNESSEE,US SENATE,3746,1833695,0.204286972,OTHER
2006,TENNESSEE,US SENATE,879976,1833695,47.98922394,DEMOCRAT
2006,TENNESSEE,US SENATE,3580,1833695,0.195234213,OTHER
2006,TENNESSEE,US SENATE,1,1833695,5.45347E-05,OTHER
2006,TENNESSEE,US SENATE,3033,1833695,0.165403734,OTHER
2006,TENNESSEE,US SENATE,1,1833695,5.45347E-05,OTHER
2006,TENNESSEE,US SENATE,2589,1833695,0.141190329,OTHER
2006,TENNESSEE,US SENATE,10831,1833695,0.590665296,OTHER
2006,TENNESSEE,US SENATE,14,1833695,0.000763486,OTHER
2006,TENNESSEE,US SENATE,929911,1833695,50.71241401,REPUBLICAN
2006,TENNESSEE,US SENATE,13,1833695,0.000708951,OTHER
2006,TEXAS,US SENATE,1555202,4314663,36.04457637,DEMOCRAT
2006,TEXAS,US SENATE,2661789,4314663,61.69170107,REPUBLICAN
2006,TEXAS,US SENATE,97672,4314663,2.263722567,LIBERTARIAN
2006,UTAH,US SENATE,9089,571252,1.59106664,OTHER
2006,UTAH,US SENATE,2512,571252,0.439735878,OTHER
2006,UTAH,US SENATE,4428,571252,0.775139518,LIBERTARIAN
2006,UTAH,US SENATE,356238,571252,62.36091952,REPUBLICAN
2006,UTAH,US SENATE,177459,571252,31.06492406,DEMOCRAT
2006,UTAH,US SENATE,21526,571252,3.768214378,OTHER
2006,VERMONT,US SENATE,267,262419,0.101745682,OTHER
2006,VERMONT,US SENATE,801,262419,0.305237045,OTHER
2006,VERMONT,US SENATE,84924,262419,32.36198598,REPUBLICAN
2006,VERMONT,US SENATE,1518,262419,0.578464212,OTHER
2006,VERMONT,US SENATE,171638,262419,65.40608721,OTHER
2006,VERMONT,US SENATE,1735,262419,0.661156395,OTHER
2006,VERMONT,US SENATE,1536,262419,0.585323471,OTHER
2006,VIRGINIA,US SENATE,2460,2370445,0.103777983,OTHER
2006,VIRGINIA,US SENATE,1175606,2370445,49.59431668,DEMOCRAT
2006,VIRGINIA,US SENATE,1166277,2370445,49.20076188,REPUBLICAN
2006,VIRGINIA,US SENATE,26102,2370445,1.101143456,OTHER
2006,WASHINGTON,US SENATE,16384,2083734,0.786280782,OTHER
2006,WASHINGTON,US SENATE,832106,2083734,39.93340801,REPUBLICAN
2006,WASHINGTON,US SENATE,29331,2083734,1.407617287,LIBERTARIAN
2006,WASHINGTON,US SENATE,1184659,2083734,56.85269809,DEMOCRAT
2006,WASHINGTON,US SENATE,21254,2083734,1.019995834,OTHER
2006,WEST VIRGINIA,US SENATE,159154,206562,77.0490216,DEMOCRAT
2006,WEST VIRGINIA,US SENATE,47408,206562,22.9509784,REPUBLICAN
2006,WISCONSIN,US SENATE,25096,2138297,1.17364426,OTHER
2006,WISCONSIN,US SENATE,1254,2138297,0.0586448,OTHER
2006,WISCONSIN,US SENATE,1439214,2138297,67.30655283,DEMOCRAT
2006,WISCONSIN,US SENATE,630299,2138297,29.47668168,REPUBLICAN
2006,WISCONSIN,US SENATE,42434,2138297,1.984476431,OTHER
2006,WYOMING,US SENATE,3019,196215,1.538618352,OTHER
2006,WYOMING,US SENATE,57671,196215,29.39173865,DEMOCRAT
2006,WYOMING,US SENATE,60,196215,0.030578702,OTHER
2006,WYOMING,US SENATE,135174,196215,68.89075759,REPUBLICAN
2006,WYOMING,US SENATE,291,196215,0.148306704,OTHER
2008,ALABAMA,US SENATE,752391,2060191,36.52044883,DEMOCRAT
2008,ALABAMA,US SENATE,2417,2060191,0.117319219,OTHER
2008,ALABAMA,US SENATE,1305383,2060191,63.36223195,REPUBLICAN
2008,ALASKA,US SENATE,147814,317723,46.52291461,REPUBLICAN
2008,ALASKA,US SENATE,1077,317723,0.338974516,OTHER
2008,ALASKA,US SENATE,13197,317723,4.153618089,OTHER
2008,ALASKA,US SENATE,151767,317723,47.76708013,DEMOCRAT
2008,ALASKA,US SENATE,2483,317723,0.781498349,LIBERTARIAN
2008,ALASKA,US SENATE,1385,317723,0.435914303,OTHER
2008,ARKANSAS,US SENATE,804678,1011754,79.53296948,DEMOCRAT
2008,ARKANSAS,US SENATE,207076,1011754,20.46703052,OTHER
2008,COLORADO,US SENATE,9,2331621,0.000385998,OTHER
2008,COLORADO,US SENATE,50004,2331621,2.144602403,OTHER
2008,COLORADO,US SENATE,990755,2331621,42.49211171,REPUBLICAN
2008,COLORADO,US SENATE,116,2331621,0.00497508,OTHER
2008,COLORADO,US SENATE,59733,2331621,2.561865758,OTHER
2008,COLORADO,US SENATE,1230994,2331621,52.79563016,DEMOCRAT
2008,COLORADO,US SENATE,10,2331621,0.000428886,OTHER
2008,DELAWARE,US SENATE,257539,398134,64.68651258,DEMOCRAT
2008,DELAWARE,US SENATE,140595,398134,35.31348742,REPUBLICAN
2008,GEORGIA,US SENATE,127923,3752485,3.409020955,LIBERTARIAN
2008,GEORGIA,US SENATE,1228033,2137956,57.43958248,REPUBLICAN
2008,GEORGIA,US SENATE,909923,2137956,42.56041752,DEMOCRAT
2008,GEORGIA,US SENATE,1757393,3752485,46.83277881,DEMOCRAT
2008,GEORGIA,US SENATE,29,3752485,0.000772821,OTHER
2008,GEORGIA,US SENATE,43,3752485,0.001145907,OTHER
2008,GEORGIA,US SENATE,1867097,3752485,49.7562815,REPUBLICAN
2008,IDAHO,US SENATE,3,644780,0.000465275,OTHER
2008,IDAHO,US SENATE,9958,644780,1.544402742,LIBERTARIAN
2008,IDAHO,US SENATE,371744,644780,57.65439375,REPUBLICAN
2008,IDAHO,US SENATE,219903,644780,34.10512113,DEMOCRAT
2008,IDAHO,US SENATE,34510,644780,5.352213158,OTHER
2008,IDAHO,US SENATE,8662,644780,1.343403952,OTHER
2008,ILLINOIS,US SENATE,1520621,5329884,28.53009559,REPUBLICAN
2008,ILLINOIS,US SENATE,24059,5329884,0.451398192,OTHER
2008,ILLINOIS,US SENATE,119135,5329884,2.235226883,OTHER
2008,ILLINOIS,US SENATE,1,5329884,1.87621E-05,OTHER
2008,ILLINOIS,US SENATE,50224,5329884,0.942309439,LIBERTARIAN
2008,ILLINOIS,US SENATE,3615844,5329884,67.84095114,DEMOCRAT
2008,IOWA,US SENATE,941665,1502918,62.65578029,DEMOCRAT
2008,IOWA,US SENATE,1247,1502918,0.082971925,OTHER
2008,IOWA,US SENATE,560006,1502918,37.26124779,REPUBLICAN
2008,KANSAS,US SENATE,25727,1210690,2.124986578,LIBERTARIAN
2008,KANSAS,US SENATE,727121,1210690,60.05839645,REPUBLICAN
2008,KANSAS,US SENATE,441399,1210690,36.45846583,DEMOCRAT
2008,KANSAS,US SENATE,16443,1210690,1.358151137,OTHER
2008,KENTUCKY,US SENATE,953816,1800821,52.96561957,REPUBLICAN
2008,KENTUCKY,US SENATE,847005,1800821,47.03438043,DEMOCRAT
2008,LOUISIANA,US SENATE,13729,1896574,0.723884225,OTHER
2008,LOUISIANA,US SENATE,18590,1896574,0.980188487,LIBERTARIAN
2008,LOUISIANA,US SENATE,988298,1896574,52.10964613,DEMOCRAT
2008,LOUISIANA,US SENATE,867177,1896574,45.72334114,REPUBLICAN
2008,LOUISIANA,US SENATE,8780,1896574,0.462940017,OTHER
2008,MAINE,US SENATE,444300,724430,61.33097746,REPUBLICAN
2008,MAINE,US SENATE,620,724430,0.085584529,OTHER
2008,MAINE,US SENATE,279510,724430,38.58343801,DEMOCRAT
2008,MASSACHUSETTS,US SENATE,108748,3102995,3.504614091,OTHER
2008,MASSACHUSETTS,US SENATE,1971974,3102995,63.55066637,DEMOCRAT
2008,MASSACHUSETTS,US SENATE,2516,3102995,0.081082954,OTHER
2008,MASSACHUSETTS,US SENATE,93713,3102995,3.020082211,LIBERTARIAN
2008,MASSACHUSETTS,US SENATE,926044,3102995,29.84355437,REPUBLICAN
2008,MICHIGAN,US SENATE,1641070,4848620,33.84612529,REPUBLICAN
2008,MICHIGAN,US SENATE,43440,4848620,0.895925026,OTHER
2008,MICHIGAN,US SENATE,3038386,4848620,62.66496446,DEMOCRAT
2008,MICHIGAN,US SENATE,18550,4848620,0.382583085,OTHER
2008,MICHIGAN,US SENATE,76347,4848620,1.574612983,LIBERTARIAN
2008,MICHIGAN,US SENATE,30827,4848620,0.635789152,OTHER
2008,MINNESOTA,US SENATE,12,2887646,0.000415563,OTHER
2008,MINNESOTA,US SENATE,1212317,2887646,41.98288156,REPUBLICAN
2008,MINNESOTA,US SENATE,2340,2887646,0.081034864,OTHER
2008,MINNESOTA,US SENATE,437505,2887646,15.15092224,OTHER
2008,MINNESOTA,US SENATE,13923,2887646,0.482157439,LIBERTARIAN
2008,MINNESOTA,US SENATE,1212629,2887646,41.99368621,DEMOCRAT
2008,MINNESOTA,US SENATE,8907,2887646,0.308451936,OTHER
2008,MINNESOTA,US SENATE,13,2887646,0.000450194,OTHER
2008,MISSISSIPPI,US SENATE,560064,1243473,45.04030244,OTHER
2008,MISSISSIPPI,US SENATE,683409,1243473,54.95969756,REPUBLICAN
2008,MISSISSIPPI,US SENATE,766111,1247026,61.43504626,REPUBLICAN
2008,MISSISSIPPI,US SENATE,480915,1247026,38.56495374,DEMOCRAT
2008,MONTANA,US SENATE,129369,477658,27.08402246,REPUBLICAN
2008,MONTANA,US SENATE,348289,477658,72.91597754,DEMOCRAT
2008,NEBRASKA,US SENATE,11438,792511,1.443260724,OTHER
2008,NEBRASKA,US SENATE,7763,792511,0.979544763,OTHER
2008,NEBRASKA,US SENATE,317456,792511,40.05698344,DEMOCRAT
2008,NEBRASKA,US SENATE,455854,792511,57.52021108,REPUBLICAN
2008,NEW HAMPSHIRE,US SENATE,314403,694787,45.25171024,REPUBLICAN
2008,NEW HAMPSHIRE,US SENATE,358438,694787,51.58962387,DEMOCRAT
2008,NEW HAMPSHIRE,US SENATE,430,694787,0.061889471,OTHER
2008,NEW HAMPSHIRE,US SENATE,21516,694787,3.096776422,LIBERTARIAN
2008,NEW JERSEY,US SENATE,15935,3482445,0.457580809,OTHER
2008,NEW JERSEY,US SENATE,1951218,3482445,56.03011677,DEMOCRAT
2008,NEW JERSEY,US SENATE,18810,3482445,0.540137748,LIBERTARIAN
2008,NEW JERSEY,US SENATE,10345,3482445,0.297061404,OTHER
2008,NEW JERSEY,US SENATE,9187,3482445,0.263808904,OTHER
2008,NEW JERSEY,US SENATE,1461025,3482445,41.95400071,REPUBLICAN
2008,NEW JERSEY,US SENATE,15925,3482445,0.457293654,OTHER
2008,NEW MEXICO,US SENATE,505128,823650,61.32799126,DEMOCRAT
2008,NEW MEXICO,US SENATE,318522,823650,38.67200874,REPUBLICAN
2008,NORTH CAROLINA,US SENATE,1719,4271970,0.040239047,OTHER
2008,NORTH CAROLINA,US SENATE,2249311,4271970,52.6527808,DEMOCRAT
2008,NORTH CAROLINA,US SENATE,133430,4271970,3.123383357,LIBERTARIAN
2008,NORTH CAROLINA,US SENATE,1887510,4271970,44.18359679,REPUBLICAN
2008,OKLAHOMA,US SENATE,763375,1346819,56.67985082,REPUBLICAN
2008,OKLAHOMA,US SENATE,55708,1346819,4.136264784,OTHER
2008,OKLAHOMA,US SENATE,527736,1346819,39.1838844,DEMOCRAT
2008,OREGON,US SENATE,864392,1767504,48.90467009,DEMOCRAT
2008,OREGON,US SENATE,92565,1767504,5.23704614,OTHER
2008,OREGON,US SENATE,805159,1767504,45.55344712,REPUBLICAN
2008,OREGON,US SENATE,5388,1767504,0.304836651,OTHER
2008,RHODE ISLAND,US SENATE,320644,438812,73.07092787,DEMOCRAT
2008,RHODE ISLAND,US SENATE,1994,438812,0.454408722,OTHER
2008,RHODE ISLAND,US SENATE,116174,438812,26.47466341,REPUBLICAN
2008,SOUTH CAROLINA,US SENATE,790621,1871431,42.24686884,DEMOCRAT
2008,SOUTH CAROLINA,US SENATE,1076534,1871431,57.52464291,REPUBLICAN
2008,SOUTH CAROLINA,US SENATE,4276,1871431,0.228488253,OTHER
2008,SOUTH DAKOTA,US SENATE,142784,380673,37.50830766,REPUBLICAN
2008,SOUTH DAKOTA,US SENATE,237889,380673,62.49169234,DEMOCRAT
2008,TENNESSEE,US SENATE,11073,2424585,0.456696713,OTHER
2008,TENNESSEE,US SENATE,9367,2424585,0.386334156,OTHER
2008,TENNESSEE,US SENATE,31631,2424585,1.304594395,OTHER
2008,TENNESSEE,US SENATE,8986,2424585,0.370620127,OTHER
2008,TENNESSEE,US SENATE,1579477,2424585,65.14422056,REPUBLICAN
2008,TENNESSEE,US SENATE,767236,2424585,31.64401331,DEMOCRAT
2008,TENNESSEE,US SENATE,9170,2424585,0.378209054,OTHER
2008,TENNESSEE,US SENATE,7645,2424585,0.315311693,OTHER
2008,TEXAS,US SENATE,4337469,7912075,54.82087821,REPUBLICAN
2008,TEXAS,US SENATE,185241,7912075,2.341244237,LIBERTARIAN
2008,TEXAS,US SENATE,3389365,7912075,42.83787755,DEMOCRAT
2008,VIRGINIA,US SENATE,3178,3643294,0.087228755,OTHER
2008,VIRGINIA,US SENATE,20269,3643294,0.556337205,LIBERTARIAN
2008,VIRGINIA,US SENATE,1228830,3643294,33.72854346,REPUBLICAN
2008,VIRGINIA,US SENATE,2369327,3643294,65.03255021,DEMOCRAT
2008,VIRGINIA,US SENATE,21690,3643294,0.595340371,OTHER
2008,WEST VIRGINIA,US SENATE,36,702308,0.005125956,OTHER
2008,WEST VIRGINIA,US SENATE,254629,702308,36.25603012,REPUBLICAN
2008,WEST VIRGINIA,US SENATE,83,702308,0.011818177,OTHER
2008,WEST VIRGINIA,US SENATE,447560,702308,63.72702575,DEMOCRAT
2008,WYOMING,US SENATE,61,249619,0.024437242,OTHER
2008,WYOMING,US SENATE,60631,250007,24.25172095,DEMOCRAT
2008,WYOMING,US SENATE,183063,249619,73.33696554,REPUBLICAN
2008,WYOMING,US SENATE,61,250007,0.024399317,OTHER
2008,WYOMING,US SENATE,189046,250007,75.61628274,REPUBLICAN
2008,WYOMING,US SENATE,293,249619,0.117378885,OTHER
2008,WYOMING,US SENATE,269,250007,0.107596987,OTHER
2008,WYOMING,US SENATE,66202,249619,26.52121834,DEMOCRAT
2010,ALABAMA,US SENATE,515619,1485499,34.71015463,DEMOCRAT
2010,ALABAMA,US SENATE,1699,1485499,0.114372342,OTHER
2010,ALABAMA,US SENATE,968181,1485499,65.17547302,REPUBLICAN
2010,ALASKA,US SENATE,927,255503,0.362813744,OTHER
2010,ALASKA,US SENATE,458,255503,0.179254255,OTHER
2010,ALASKA,US SENATE,61,255503,0.023874475,OTHER
2010,ALASKA,US SENATE,21,255503,0.008219082,OTHER
2010,ALASKA,US SENATE,101091,255503,39.56548455,OTHER
2010,ALASKA,US SENATE,602,255503,0.235613672,OTHER
2010,ALASKA,US SENATE,90839,255503,35.55300721,REPUBLICAN
2010,ALASKA,US SENATE,1459,255503,0.571030477,LIBERTARIAN
2010,ALASKA,US SENATE,60045,255503,23.50070254,DEMOCRAT
2010,ARIZONA,US SENATE,24603,1708484,1.440048604,OTHER
2010,ARIZONA,US SENATE,1005615,1708484,58.86007712,REPUBLICAN
2010,ARIZONA,US SENATE,7,1708484,0.00040972,OTHER
2010,ARIZONA,US SENATE,39,1708484,0.002282726,OTHER
2010,ARIZONA,US SENATE,14,1708484,0.00081944,OTHER
2010,ARIZONA,US SENATE,5938,1708484,0.347559591,OTHER
2010,ARIZONA,US SENATE,80097,1708484,4.688191402,LIBERTARIAN
2010,ARIZONA,US SENATE,592011,1708484,34.65124637,DEMOCRAT
2010,ARIZONA,US SENATE,160,1708484,0.009365028,OTHER
2010,ARKANSAS,US SENATE,25234,779957,3.235306562,OTHER
2010,ARKANSAS,US SENATE,451618,779957,57.90293567,REPUBLICAN
2010,ARKANSAS,US SENATE,14430,779957,1.850101993,OTHER
2010,ARKANSAS,US SENATE,143,779957,0.018334344,OTHER
2010,ARKANSAS,US SENATE,376,779957,0.048207786,OTHER
2010,ARKANSAS,US SENATE,288156,779957,36.94511364,DEMOCRAT
2010,CALIFORNIA,US SENATE,175242,10000160,1.752391962,LIBERTARIAN
2010,CALIFORNIA,US SENATE,5218441,10000160,52.18357506,DEMOCRAT
2010,CALIFORNIA,US SENATE,125441,10000160,1.25438993,OTHER
2010,CALIFORNIA,US SENATE,10,10000160,9.99984E-05,OTHER
2010,CALIFORNIA,US SENATE,5,10000160,4.99992E-05,OTHER
2010,CALIFORNIA,US SENATE,128510,10000160,1.285079439,OTHER
2010,CALIFORNIA,US SENATE,135093,10000160,1.350908385,OTHER
2010,CALIFORNIA,US SENATE,41,10000160,0.000409993,OTHER
2010,CALIFORNIA,US SENATE,4217366,10000160,42.17298523,REPUBLICAN
2010,CALIFORNIA,US SENATE,11,10000160,0.000109998,OTHER
2010,COLORADO,US SENATE,67,1772286,0.003780428,OTHER
2010,COLORADO,US SENATE,19415,1772286,1.095477818,OTHER
2010,COLORADO,US SENATE,19,1772286,0.001072062,OTHER
2010,COLORADO,US SENATE,11330,1772286,0.639287338,OTHER
2010,COLORADO,US SENATE,22589,1772286,1.274568552,LIBERTARIAN
2010,COLORADO,US SENATE,38768,1772286,2.187457329,OTHER
2010,COLORADO,US SENATE,822731,1772286,46.42202218,REPUBLICAN
2010,COLORADO,US SENATE,851590,1772286,48.0503711,DEMOCRAT
2010,COLORADO,US SENATE,10,1772286,0.000564243,OTHER
2010,COLORADO,US SENATE,5767,1772286,0.325398948,OTHER
2010,CONNECTICUT,US SENATE,45,1153115,0.003902473,OTHER
2010,CONNECTICUT,US SENATE,7,1153115,0.000607051,OTHER
2010,CONNECTICUT,US SENATE,17,1153115,0.001474268,OTHER
2010,CONNECTICUT,US SENATE,45,1153115,0.003902473,OTHER
2010,CONNECTICUT,US SENATE,31,1153115,0.00268837,OTHER
2010,CONNECTICUT,US SENATE,5,1153115,0.000433608,OTHER
2010,CONNECTICUT,US SENATE,15,1153115,0.001300824,OTHER
2010,CONNECTICUT,US SENATE,605204,1153115,52.48427087,DEMOCRAT
2010,CONNECTICUT,US SENATE,6735,1153115,0.584070106,OTHER
2010,CONNECTICUT,US SENATE,30836,1153115,2.674147852,OTHER
2010,CONNECTICUT,US SENATE,11275,1153115,0.977786257,OTHER
2010,CONNECTICUT,US SENATE,498341,1153115,43.21693847,REPUBLICAN
2010,CONNECTICUT,US SENATE,559,1153115,0.048477385,OTHER
2010,DELAWARE,US SENATE,25,307402,0.008132673,OTHER
2010,DELAWARE,US SENATE,8201,307402,2.667842109,OTHER
2010,DELAWARE,US SENATE,123053,307402,40.0299933,REPUBLICAN
2010,DELAWARE,US SENATE,10,307402,0.003253069,OTHER
2010,DELAWARE,US SENATE,174012,307402,56.607309,DEMOCRAT
2010,DELAWARE,US SENATE,2101,307402,0.683469854,LIBERTARIAN
2010,FLORIDA,US SENATE,13,5411106,0.000240247,OTHER
2010,FLORIDA,US SENATE,3647,5411106,0.067398421,OTHER
2010,FLORIDA,US SENATE,4792,5411106,0.088558605,OTHER
2010,FLORIDA,US SENATE,4301,5411106,0.079484675,OTHER
2010,FLORIDA,US SENATE,15340,5411106,0.283491028,OTHER
2010,FLORIDA,US SENATE,18,5411106,0.000332649,OTHER
2010,FLORIDA,US SENATE,2,5411106,3.6961E-05,OTHER
2010,FLORIDA,US SENATE,4443,5411106,0.082108907,OTHER
2010,FLORIDA,US SENATE,24850,5411106,0.45924068,LIBERTARIAN
2010,FLORIDA,US SENATE,6,5411106,0.000110883,OTHER
2010,FLORIDA,US SENATE,7397,5411106,0.136700334,OTHER
2010,FLORIDA,US SENATE,47,5411106,0.000868584,OTHER
2010,FLORIDA,US SENATE,4,5411106,7.3922E-05,OTHER
2010,FLORIDA,US SENATE,18,5411106,0.000332649,OTHER
2010,FLORIDA,US SENATE,1607549,5411106,29.7083258,OTHER
2010,FLORIDA,US SENATE,2645743,5411106,48.89468068,REPUBLICAN
2010,FLORIDA,US SENATE,1092936,5411106,20.19801497,DEMOCRAT
2010,GEORGIA,US SENATE,24,2555258,0.00093924,OTHER
2010,GEORGIA,US SENATE,996516,2555258,38.99864515,DEMOCRAT
2010,GEORGIA,US SENATE,52,2555258,0.00203502,OTHER
2010,GEORGIA,US SENATE,68750,2555258,2.690530663,LIBERTARIAN
2010,GEORGIA,US SENATE,12,2555258,0.00046962,OTHER
2010,GEORGIA,US SENATE,1489904,2555258,58.30738031,REPUBLICAN
2010,HAWAII,US SENATE,79939,370583,21.57114601,REPUBLICAN
2010,HAWAII,US SENATE,7762,370583,2.094537526,OTHER
2010,HAWAII,US SENATE,2957,370583,0.797931907,LIBERTARIAN
2010,HAWAII,US SENATE,277228,370583,74.80861238,DEMOCRAT
2010,HAWAII,US SENATE,2697,370583,0.727772186,OTHER
2010,IDAHO,US SENATE,112057,449530,24.92759104,DEMOCRAT
2010,IDAHO,US SENATE,17429,449530,3.87716059,OTHER
2010,IDAHO,US SENATE,319953,449530,71.17500501,REPUBLICAN
2010,IDAHO,US SENATE,91,449530,0.020243365,OTHER
2010,ILLINOIS,US SENATE,561,3704473,0.015143854,OTHER
2010,ILLINOIS,US SENATE,468,3704473,0.012633376,OTHER
2010,ILLINOIS,US SENATE,12,3704473,0.000323933,OTHER
2010,ILLINOIS,US SENATE,3,3704473,8.09832E-05,OTHER
2010,ILLINOIS,US SENATE,87247,3704473,2.355179806,LIBERTARIAN
2010,ILLINOIS,US SENATE,15,3704473,0.000404916,OTHER
2010,ILLINOIS,US SENATE,117914,3704473,3.183016856,OTHER
2010,ILLINOIS,US SENATE,9,3704473,0.00024295,OTHER
2010,ILLINOIS,US SENATE,19,3704473,0.000512893,OTHER
2010,ILLINOIS,US SENATE,16,3704473,0.00043191,OTHER
2010,ILLINOIS,US SENATE,1719478,3704473,46.41626488,DEMOCRAT
2010,ILLINOIS,US SENATE,1778698,3704473,48.01487283,REPUBLICAN
2010,ILLINOIS,US SENATE,33,3704473,0.000890815,OTHER
2010,INDIANA,US SENATE,697775,1744481,39.99900257,DEMOCRAT
2010,INDIANA,US SENATE,161,1744481,0.009229106,OTHER
2010,INDIANA,US SENATE,94330,1744481,5.407338916,LIBERTARIAN
2010,INDIANA,US SENATE,952116,1744481,54.57875437,REPUBLICAN
2010,INDIANA,US SENATE,99,1744481,0.00567504,OTHER
2010,IOWA,US SENATE,371686,1116063,33.30331711,DEMOCRAT
2010,IOWA,US SENATE,718215,1116063,64.35254999,REPUBLICAN
2010,IOWA,US SENATE,872,1116063,0.07813179,OTHER
2010,IOWA,US SENATE,25290,1116063,2.266001113,LIBERTARIAN
2010,KANSAS,US SENATE,17922,837692,2.139449822,LIBERTARIAN
2010,KANSAS,US SENATE,220971,837692,26.37854963,DEMOCRAT
2010,KANSAS,US SENATE,587175,837692,70.09437836,REPUBLICAN
2010,KANSAS,US SENATE,11624,837692,1.387622181,OTHER
2010,KENTUCKY,US SENATE,600052,1356096,44.24848978,DEMOCRAT
2010,KENTUCKY,US SENATE,755706,1356096,55.72658573,REPUBLICAN
2010,KENTUCKY,US SENATE,338,1356096,0.024924489,OTHER
2010,LOUISIANA,US SENATE,715415,1264994,56.5548137,REPUBLICAN
2010,LOUISIANA,US SENATE,9190,1264994,0.726485659,OTHER
2010,LOUISIANA,US SENATE,4043,1264994,0.319606259,OTHER
2010,LOUISIANA,US SENATE,13957,1264994,1.103325391,LIBERTARIAN
2010,LOUISIANA,US SENATE,4810,1264994,0.380238958,OTHER
2010,LOUISIANA,US SENATE,7474,1264994,0.590832842,OTHER
2010,LOUISIANA,US SENATE,5879,1264994,0.464745287,OTHER
2010,LOUISIANA,US SENATE,5734,1264994,0.453282782,OTHER
2010,LOUISIANA,US SENATE,9973,1264994,0.788383186,OTHER
2010,LOUISIANA,US SENATE,8167,1264994,0.64561571,OTHER
2010,LOUISIANA,US SENATE,3780,1264994,0.298815647,OTHER
2010,LOUISIANA,US SENATE,476572,1264994,37.67385458,DEMOCRAT
2010,MARYLAND,US SENATE,655666,1833858,35.75336804,REPUBLICAN
2010,MARYLAND,US SENATE,80,1833858,0.004362388,OTHER
2010,MARYLAND,US SENATE,20717,1833858,1.129694884,OTHER
2010,MARYLAND,US SENATE,14746,1833858,0.804097155,OTHER
2010,MARYLAND,US SENATE,6,1833858,0.000327179,OTHER
2010,MARYLAND,US SENATE,84,1833858,0.004580507,DEMOCRAT
2010,MARYLAND,US SENATE,14,1833858,0.000763418,OTHER
2010,MARYLAND,US SENATE,1644,1833858,0.089647072,OTHER
2010,MARYLAND,US SENATE,110,1833858,0.005998283,OTHER
2010,MARYLAND,US SENATE,1140531,1833858,62.19298332,DEMOCRAT
2010,MARYLAND,US SENATE,204,1833858,0.011124089,OTHER
2010,MARYLAND,US SENATE,56,1833858,0.003053672,OTHER
2010,MISSOURI,US SENATE,1,1943899,5.1443E-05,OTHER
2010,MISSOURI,US SENATE,789736,1943899,40.62639057,DEMOCRAT
2010,MISSOURI,US SENATE,7,1943899,0.000360101,OTHER
2010,MISSOURI,US SENATE,3,1943899,0.000154329,OTHER
2010,MISSOURI,US SENATE,41309,1943899,2.125058967,OTHER
2010,MISSOURI,US SENATE,4,1943899,0.000205772,OTHER
2010,MISSOURI,US SENATE,58663,1943899,3.017800822,LIBERTARIAN
2010,MISSOURI,US SENATE,2,1943899,0.000102886,OTHER
2010,MISSOURI,US SENATE,1054160,1943899,54.22915491,REPUBLICAN
2010,MISSOURI,US SENATE,14,1943899,0.000720202,OTHER
2010,NEVADA,US SENATE,3175,721404,0.440114,OTHER
2010,NEVADA,US SENATE,2510,721404,0.347932642,OTHER
2010,NEVADA,US SENATE,362785,721404,50.28874251,DEMOCRAT
2010,NEVADA,US SENATE,4261,721404,0.590653781,OTHER
2010,NEVADA,US SENATE,16197,721404,2.245205183,OTHER
2010,NEVADA,US SENATE,5811,721404,0.805512584,OTHER
2010,NEVADA,US SENATE,321361,721404,44.54660634,REPUBLICAN
2010,NEVADA,US SENATE,3185,721404,0.441500186,OTHER
2010,NEVADA,US SENATE,2119,721404,0.293732777,OTHER
2010,NEW HAMPSHIRE,US SENATE,4753,454710,1.045281608,LIBERTARIAN
2010,NEW HAMPSHIRE,US SENATE,273218,454710,60.08620879,REPUBLICAN
2010,NEW HAMPSHIRE,US SENATE,167545,454710,36.84656154,DEMOCRAT
2010,NEW HAMPSHIRE,US SENATE,9194,454710,2.021948055,OTHER
2010,NEW YORK,US SENATE,2837684,4757635,59.64484455,DEMOCRAT
2010,NEW YORK,US SENATE,1239605,4763899,26.02080775,REPUBLICAN
2010,NEW YORK,US SENATE,17019,4757635,0.357719749,OTHER
2010,NEW YORK,US SENATE,18414,4757635,0.38704104,LIBERTARIAN
2010,NEW YORK,US SENATE,244385,4757635,5.136690814,OTHER
2010,NEW YORK,US SENATE,4516,4757635,0.094921111,OTHER
2010,NEW YORK,US SENATE,24871,4763899,0.522072361,LIBERTARIAN
2010,NEW YORK,US SENATE,1338308,4757635,28.12969049,REPUBLICAN
2010,NEW YORK,US SENATE,240818,4763899,5.055060991,OTHER
2010,NEW YORK,US SENATE,42341,4763899,0.888788784,OTHER
2010,NEW YORK,US SENATE,3047880,4763899,63.97868637,DEMOCRAT
2010,NEW YORK,US SENATE,250033,4757635,5.255405259,OTHER
2010,NEW YORK,US SENATE,35489,4757635,0.745937845,OTHER
2010,NEW YORK,US SENATE,168384,4763899,3.534583752,OTHER
2010,NEW YORK,US SENATE,11787,4757635,0.247749144,OTHER
2010,NORTH CAROLINA,US SENATE,1145074,2660079,43.04661628,DEMOCRAT
2010,NORTH CAROLINA,US SENATE,1272,2660079,0.047818129,OTHER
2010,NORTH CAROLINA,US SENATE,55687,2660079,2.093434067,LIBERTARIAN
2010,NORTH CAROLINA,US SENATE,1458046,2660079,54.81213152,REPUBLICAN
2010,NORTH DAKOTA,US SENATE,3890,238534,1.630794771,LIBERTARIAN
2010,NORTH DAKOTA,US SENATE,52955,238534,22.20018949,DEMOCRAT
2010,NORTH DAKOTA,US SENATE,181689,238534,76.16901574,REPUBLICAN
2010,OHIO,US SENATE,1503297,3815098,39.40388949,DEMOCRAT
2010,OHIO,US SENATE,648,3815098,0.016985147,OTHER
2010,OHIO,US SENATE,2168742,3815098,56.84629857,REPUBLICAN
2010,OHIO,US SENATE,50101,3815098,1.313229699,OTHER
2010,OHIO,US SENATE,26454,3815098,0.693402896,OTHER
2010,OHIO,US SENATE,65856,3815098,1.72619419,OTHER
2010,OKLAHOMA,US SENATE,25048,1017151,2.462564555,OTHER
2010,OKLAHOMA,US SENATE,718482,1017151,70.63670979,REPUBLICAN
2010,OKLAHOMA,US SENATE,265814,1017151,26.13318966,DEMOCRAT
2010,OKLAHOMA,US SENATE,7807,1017151,0.76753599,OTHER
2010,OREGON,US SENATE,18940,1442588,1.312918172,OTHER
2010,OREGON,US SENATE,566199,1442588,39.24883612,REPUBLICAN
2010,OREGON,US SENATE,825507,1442588,57.2240307,DEMOCRAT
2010,OREGON,US SENATE,16028,1442588,1.111058736,LIBERTARIAN
2010,OREGON,US SENATE,1448,1442588,0.100375159,OTHER
2010,OREGON,US SENATE,14466,1442588,1.002781113,OTHER
2010,PENNSYLVANIA,US SENATE,2028945,3977661,51.00849469,REPUBLICAN
2010,PENNSYLVANIA,US SENATE,1948716,3977661,48.99150531,DEMOCRAT
2010,SOUTH CAROLINA,US SENATE,21953,1318794,1.664626924,OTHER
2010,SOUTH CAROLINA,US SENATE,121472,1318794,9.2108396,OTHER
2010,SOUTH CAROLINA,US SENATE,364598,1318794,27.64631929,DEMOCRAT
2010,SOUTH CAROLINA,US SENATE,810771,1318794,61.47821419,REPUBLICAN
2010,SOUTH DAKOTA,US SENATE,227947,227947,100,REPUBLICAN
2010,UTAH,US SENATE,33095,585230,5.655041608,OTHER
2010,UTAH,US SENATE,360403,585230,61.58313825,REPUBLICAN
2010,UTAH,US SENATE,191732,585230,32.76182014,DEMOCRAT
2010,VERMONT,US SENATE,2356,235178,1.001794386,OTHER
2010,VERMONT,US SENATE,72699,235178,30.91233023,REPUBLICAN
2010,VERMONT,US SENATE,3544,235178,1.506943677,OTHER
2010,VERMONT,US SENATE,1021,235178,0.434139248,OTHER
2010,VERMONT,US SENATE,151281,235178,64.32616996,DEMOCRAT
2010,VERMONT,US SENATE,113,235178,0.048048712,OTHER
2010,VERMONT,US SENATE,1433,235178,0.609325702,OTHER
2010,VERMONT,US SENATE,2731,235178,1.161248076,OTHER
2010,WASHINGTON,US SENATE,1314930,2511094,52.36482585,DEMOCRAT
2010,WASHINGTON,US SENATE,1196164,2511094,47.63517415,REPUBLICAN
2010,WEST VIRGINIA,US SENATE,6425,529948,1.212383102,OTHER
2010,WEST VIRGINIA,US SENATE,10152,529948,1.91565965,OTHER
2010,WEST VIRGINIA,US SENATE,283358,529948,53.4690196,DEMOCRAT
2010,WEST VIRGINIA,US SENATE,230013,529948,43.40293765,REPUBLICAN
2010,WISCONSIN,US SENATE,23473,2171331,1.081041997,OTHER
2010,WISCONSIN,US SENATE,1020958,2171331,47.01991543,DEMOCRAT
2010,WISCONSIN,US SENATE,134,2171331,0.00617133,REPUBLICAN
2010,WISCONSIN,US SENATE,638,2171331,0.029382899,OTHER
2010,WISCONSIN,US SENATE,1125999,2171331,51.85754728,REPUBLICAN
2010,WISCONSIN,US SENATE,129,2171331,0.005941056,OTHER
2012,ARIZONA,US SENATE,102109,2243422,4.551484295,LIBERTARIAN
2012,ARIZONA,US SENATE,1104457,2243422,49.23090707,REPUBLICAN
2012,ARIZONA,US SENATE,290,2243422,0.012926681,OTHER
2012,ARIZONA,US SENATE,24,2243422,0.001069794,OTHER
2012,ARIZONA,US SENATE,1036542,2243422,46.20361216,DEMOCRAT
2012,CALIFORNIA,US SENATE,7864624,12578511,62.52428447,DEMOCRAT
2012,CALIFORNIA,US SENATE,4713887,12578511,37.47571553,REPUBLICAN
2012,CONNECTICUT,US SENATE,25045,1511764,1.656673925,LIBERTARIAN
2012,CONNECTICUT,US SENATE,19,1511764,0.00125681,OTHER
2012,CONNECTICUT,US SENATE,8,1511764,0.000529183,OTHER
2012,CONNECTICUT,US SENATE,6414,1511764,0.424272572,OTHER
2012,CONNECTICUT,US SENATE,40,1511764,0.002645916,OTHER
2012,CONNECTICUT,US SENATE,388,1511764,0.025665382,OTHER
2012,CONNECTICUT,US SENATE,792983,1511764,52.4541529,DEMOCRAT
2012,CONNECTICUT,US SENATE,35778,1511764,2.366639237,OTHER
2012,CONNECTICUT,US SENATE,46520,1511764,3.07719988,OTHER
2012,CONNECTICUT,US SENATE,604569,1511764,39.9909642,REPUBLICAN
2012,DELAWARE,US SENATE,265415,399606,66.41917289,DEMOCRAT
2012,DELAWARE,US SENATE,3191,399606,0.798536559,OTHER
2012,DELAWARE,US SENATE,15300,399606,3.82877134,OTHER
2012,DELAWARE,US SENATE,115700,399606,28.95351922,REPUBLICAN
2012,FLORIDA,US SENATE,4523451,8189946,55.23175611,DEMOCRAT
2012,FLORIDA,US SENATE,19,8189946,0.000231992,OTHER
2012,FLORIDA,US SENATE,12,8189946,0.000146521,OTHER
2012,FLORIDA,US SENATE,126079,8189946,1.53943628,OTHER
2012,FLORIDA,US SENATE,82089,8189946,1.002314301,OTHER
2012,FLORIDA,US SENATE,2,8189946,2.44202E-05,OTHER
2012,FLORIDA,US SENATE,9,8189946,0.000109891,OTHER
2012,FLORIDA,US SENATE,3458267,8189946,42.22576071,REPUBLICAN
2012,FLORIDA,US SENATE,18,8189946,0.000219782,OTHER
2012,HAWAII,US SENATE,77,437159,0.017613729,OTHER
2012,HAWAII,US SENATE,160994,437159,36.82733285,REPUBLICAN
2012,HAWAII,US SENATE,6599,437159,1.50951942,OTHER
2012,HAWAII,US SENATE,269489,437159,61.645534,DEMOCRAT
2012,INDIANA,US SENATE,1133621,2560102,44.28030602,REPUBLICAN
2012,INDIANA,US SENATE,1281181,2560102,50.04413887,DEMOCRAT
2012,INDIANA,US SENATE,145282,2560102,5.674852018,LIBERTARIAN
2012,INDIANA,US SENATE,15,2560102,0.000585914,OTHER
2012,INDIANA,US SENATE,3,2560102,0.000117183,OTHER
2012,MAINE,US SENATE,5807,724720,0.801274975,OTHER
2012,MAINE,US SENATE,10289,724720,1.41972072,OTHER
2012,MAINE,US SENATE,370580,724720,51.13423115,OTHER
2012,MAINE,US SENATE,24121,724720,3.328319903,OTHER
2012,MAINE,US SENATE,92900,724720,12.81874379,DEMOCRAT
2012,MAINE,US SENATE,215399,724720,29.72168562,REPUBLICAN
2012,MAINE,US SENATE,5624,724720,0.776023844,OTHER
2012,MARYLAND,US SENATE,1474028,2633234,55.97785841,DEMOCRAT
2012,MARYLAND,US SENATE,151,2633234,0.005734394,OTHER
2012,MARYLAND,US SENATE,2346,2633234,0.089091968,OTHER
2012,MARYLAND,US SENATE,693291,2633234,26.32849948,REPUBLICAN
2012,MARYLAND,US SENATE,430934,2633234,16.3651996,OTHER
2012,MARYLAND,US SENATE,163,2633234,0.006190107,OTHER
2012,MARYLAND,US SENATE,48,2633234,0.001822854,OTHER
2012,MARYLAND,US SENATE,21,2633234,0.000797498,OTHER
2012,MARYLAND,US SENATE,32252,2633234,1.224805695,LIBERTARIAN
2012,MASSACHUSETTS,US SENATE,27643,3184196,0.868131233,OTHER
2012,MASSACHUSETTS,US SENATE,1458048,3184196,45.79014608,REPUBLICAN
2012,MASSACHUSETTS,US SENATE,1696346,3184196,53.27391907,DEMOCRAT
2012,MASSACHUSETTS,US SENATE,2159,3184196,0.067803615,OTHER
2012,MICHIGAN,US SENATE,10,4652918,0.000214919,OTHER
2012,MICHIGAN,US SENATE,2735826,4652918,58.79807037,DEMOCRAT
2012,MICHIGAN,US SENATE,7,4652918,0.000150443,OTHER
2012,MICHIGAN,US SENATE,27890,4652918,0.599408801,OTHER
2012,MICHIGAN,US SENATE,26038,4652918,0.559605822,OTHER
2012,MICHIGAN,US SENATE,11229,4652918,0.241332428,OTHER
2012,MICHIGAN,US SENATE,1767386,4652918,37.9844648,REPUBLICAN
2012,MICHIGAN,US SENATE,48,4652918,0.001031611,OTHER
2012,MICHIGAN,US SENATE,4,4652918,8.59676E-05,OTHER
2012,MICHIGAN,US SENATE,84480,4652918,1.815634834,LIBERTARIAN
2012,MINNESOTA,US SENATE,2582,2843207,0.090812945,OTHER
2012,MINNESOTA,US SENATE,30531,2843207,1.073822624,OTHER
2012,MINNESOTA,US SENATE,13986,2843207,0.491909312,OTHER
2012,MINNESOTA,US SENATE,867974,2843207,30.52799181,REPUBLICAN
2012,MINNESOTA,US SENATE,1854595,2843207,65.22898262,DEMOCRAT
2012,MINNESOTA,US SENATE,73539,2843207,2.586480689,OTHER
2012,MISSISSIPPI,US SENATE,503467,1241568,40.55090015,DEMOCRAT
2012,MISSISSIPPI,US SENATE,13194,1241568,1.062688471,OTHER
2012,MISSISSIPPI,US SENATE,709626,1241568,57.15562901,REPUBLICAN
2012,MISSISSIPPI,US SENATE,15281,1241568,1.230782366,OTHER
2012,MISSOURI,US SENATE,4,2725793,0.000146746,OTHER
2012,MISSOURI,US SENATE,5,2725793,0.000183433,OTHER
2012,MISSOURI,US SENATE,6,2725793,0.000220119,OTHER
2012,MISSOURI,US SENATE,1066159,2725793,39.11371847,REPUBLICAN
2012,MISSOURI,US SENATE,1494125,2725793,54.81432376,DEMOCRAT
2012,MISSOURI,US SENATE,2,2725793,7.33731E-05,OTHER
2012,MISSOURI,US SENATE,9,2725793,0.000330179,OTHER
2012,MISSOURI,US SENATE,15,2725793,0.000550299,OTHER
2012,MISSOURI,US SENATE,165468,2725793,6.070453626,LIBERTARIAN
2012,MONTANA,US SENATE,31892,486066,6.561248884,LIBERTARIAN
2012,MONTANA,US SENATE,236123,486066,48.57838236,DEMOCRAT
2012,MONTANA,US SENATE,218051,486066,44.86036876,REPUBLICAN
2012,NEBRASKA,US SENATE,332979,788572,42.22556723,DEMOCRAT
2012,NEBRASKA,US SENATE,455593,788572,57.77443277,REPUBLICAN
2012,NEVADA,US SENATE,48792,997805,4.889933404,OTHER
2012,NEVADA,US SENATE,457656,997805,45.86627648,REPUBLICAN
2012,NEVADA,US SENATE,446080,997805,44.70612996,DEMOCRAT
2012,NEVADA,US SENATE,45277,997805,4.537660164,OTHER
2012,NEW JERSEY,US SENATE,15801,3376649,0.467949141,OTHER
2012,NEW JERSEY,US SENATE,3532,3376649,0.104600745,OTHER
2012,NEW JERSEY,US SENATE,2249,3376649,0.066604495,OTHER
2012,NEW JERSEY,US SENATE,1987680,3376649,58.86546099,DEMOCRAT
2012,NEW JERSEY,US SENATE,1329534,3376649,39.37436198,REPUBLICAN
2012,NEW JERSEY,US SENATE,3593,3376649,0.106407269,OTHER
2012,NEW JERSEY,US SENATE,9359,3376649,0.277168281,OTHER
2012,NEW JERSEY,US SENATE,16803,3376649,0.497623531,LIBERTARIAN
2012,NEW JERSEY,US SENATE,3834,3376649,0.113544523,OTHER
2012,NEW JERSEY,US SENATE,2198,3376649,0.065094121,OTHER
2012,NEW JERSEY,US SENATE,2066,3376649,0.06118492,OTHER
2012,NEW MEXICO,US SENATE,395717,775793,51.0080653,DEMOCRAT
2012,NEW MEXICO,US SENATE,28199,775793,3.634861361,OTHER
2012,NEW MEXICO,US SENATE,351260,775793,45.27754182,REPUBLICAN
2012,NEW MEXICO,US SENATE,617,775793,0.079531525,OTHER
2012,NEW YORK,US SENATE,1514647,7116628,21.28321166,REPUBLICAN
2012,NEW YORK,US SENATE,31894,7116628,0.448161686,LIBERTARIAN
2012,NEW YORK,US SENATE,250580,7116628,3.521049576,OTHER
2012,NEW YORK,US SENATE,42442,7116628,0.596377948,OTHER
2012,NEW YORK,US SENATE,21985,7116628,0.308924395,OTHER
2012,NEW YORK,US SENATE,240819,7116628,3.383891922,OTHER
2012,NEW YORK,US SENATE,138255,7116628,1.942703764,OTHER
2012,NEW YORK,US SENATE,455963,7116628,6.40700905,OTHER
2012,NEW YORK,US SENATE,4420043,7116628,62.10867,DEMOCRAT
2012,NORTH DAKOTA,US SENATE,158401,321144,49.32397927,REPUBLICAN
2012,NORTH DAKOTA,US SENATE,1406,321144,0.43780983,OTHER
2012,NORTH DAKOTA,US SENATE,161337,321144,50.2382109,DEMOCRAT
2012,OHIO,US SENATE,2435712,5449018,44.70001751,REPUBLICAN
2012,OHIO,US SENATE,250616,5449018,4.599287431,OTHER
2012,OHIO,US SENATE,2762690,5449018,50.70069506,DEMOCRAT
2012,PENNSYLVANIA,US SENATE,96926,5627422,1.722387267,LIBERTARIAN
2012,PENNSYLVANIA,US SENATE,2509132,5627422,44.58759268,REPUBLICAN
2012,PENNSYLVANIA,US SENATE,3021364,5627422,53.69002005,DEMOCRAT
2012,RHODE ISLAND,US SENATE,933,418189,0.223104864,OTHER
2012,RHODE ISLAND,US SENATE,271034,418189,64.8113652,DEMOCRAT
2012,RHODE ISLAND,US SENATE,146222,418189,34.96552994,REPUBLICAN
2012,TENNESSEE,US SENATE,6523,2321477,0.280984907,OTHER
2012,TENNESSEE,US SENATE,409,2321477,0.017618094,OTHER
2012,TENNESSEE,US SENATE,18,2321477,0.000775368,OTHER
2012,TENNESSEE,US SENATE,2,2321477,8.6152E-05,OTHER
2012,TENNESSEE,US SENATE,20936,2321477,0.901839648,OTHER
2012,TENNESSEE,US SENATE,117,2321477,0.005039895,OTHER
2012,TENNESSEE,US SENATE,1506443,2321477,64.89157549,REPUBLICAN
2012,TENNESSEE,US SENATE,8080,2321477,0.348054278,OTHER
2012,TENNESSEE,US SENATE,7148,2321477,0.307907423,OTHER
2012,TENNESSEE,US SENATE,5,2321477,0.00021538,OTHER
2012,TENNESSEE,US SENATE,705882,2321477,30.40659029,DEMOCRAT
2012,TENNESSEE,US SENATE,12,2321477,0.000516912,OTHER
2012,TENNESSEE,US SENATE,18620,2321477,0.802075575,OTHER
2012,TENNESSEE,US SENATE,8085,2321477,0.348269658,OTHER
2012,TENNESSEE,US SENATE,38472,2321477,1.657220812,OTHER
2012,TENNESSEE,US SENATE,14,2321477,0.000603064,OTHER
2012,TENNESSEE,US SENATE,470,2321477,0.020245731,OTHER
2012,TENNESSEE,US SENATE,23,2321477,0.000990749,OTHER
2012,TENNESSEE,US SENATE,218,2321477,0.009390573,OTHER
2012,TEXAS,US SENATE,162354,7864822,2.064306096,LIBERTARIAN
2012,TEXAS,US SENATE,4440137,7864822,56.45565786,REPUBLICAN
2012,TEXAS,US SENATE,3194927,7864822,40.62300456,DEMOCRAT
2012,TEXAS,US SENATE,67404,7864822,0.857031475,OTHER
2012,UTAH,US SENATE,1,1006901,9.93146E-05,OTHER
2012,UTAH,US SENATE,7172,1006901,0.712284524,OTHER
2012,UTAH,US SENATE,657608,1006901,65.31009503,REPUBLICAN
2012,UTAH,US SENATE,31905,1006901,3.168633262,OTHER
2012,UTAH,US SENATE,301873,1006901,29.98040522,DEMOCRAT
2012,UTAH,US SENATE,8342,1006901,0.828482641,OTHER
2012,VERMONT,US SENATE,2511,292762,0.85769328,OTHER
2012,VERMONT,US SENATE,877,292762,0.299560735,OTHER
2012,VERMONT,US SENATE,252,292762,0.086076745,OTHER
2012,VERMONT,US SENATE,5924,292762,2.023486655,OTHER
2012,VERMONT,US SENATE,72898,292762,24.90008949,REPUBLICAN
2012,VERMONT,US SENATE,2452,292762,0.837540391,OTHER
2012,VERMONT,US SENATE,207848,292762,70.9955527,OTHER
2012,VIRGINIA,US SENATE,1785542,3802196,46.96080896,REPUBLICAN
2012,VIRGINIA,US SENATE,6587,3802196,0.17324199,OTHER
2012,VIRGINIA,US SENATE,2010067,3802196,52.86594905,DEMOCRAT
2012,WASHINGTON,US SENATE,1855493,3069417,60.45099118,DEMOCRAT
2012,WASHINGTON,US SENATE,1213924,3069417,39.54900882,REPUBLICAN
2012,WEST VIRGINIA,US SENATE,399898,660202,60.57206734,DEMOCRAT
2012,WEST VIRGINIA,US SENATE,19517,660202,2.956216431,OTHER
2012,WEST VIRGINIA,US SENATE,240787,660202,36.47171623,REPUBLICAN
2012,WISCONSIN,US SENATE,43,3009411,0.001428851,OTHER
2012,WISCONSIN,US SENATE,3373,3009411,0.112081733,OTHER
2012,WISCONSIN,US SENATE,70,3009411,0.002326037,OTHER
2012,WISCONSIN,US SENATE,1547104,3009411,51.40886373,DEMOCRAT
2012,WISCONSIN,US SENATE,1380126,3009411,45.86033613,REPUBLICAN
2012,WISCONSIN,US SENATE,62240,3009411,2.06817879,LIBERTARIAN
2012,WISCONSIN,US SENATE,16455,3009411,0.546784736,OTHER
2012,WYOMING,US SENATE,417,250700,0.166334264,OTHER
2012,WYOMING,US SENATE,6176,250700,2.463502194,OTHER
2012,WYOMING,US SENATE,185250,250700,73.89309932,REPUBLICAN
2012,WYOMING,US SENATE,53019,250700,21.14838452,DEMOCRAT
2012,WYOMING,US SENATE,91,250700,0.036298365,OTHER
2012,WYOMING,US SENATE,5747,250700,2.292381332,OTHER
2014,ALABAMA,US SENATE,22484,818090,2.748352871,OTHER
2014,ALABAMA,US SENATE,795606,818090,97.25164713,REPUBLICAN
2014,ALASKA,US SENATE,1376,282400,0.487252125,OTHER
2014,ALASKA,US SENATE,129431,282400,45.83250708,DEMOCRAT
2014,ALASKA,US SENATE,10512,282400,3.722379603,LIBERTARIAN
2014,ALASKA,US SENATE,5636,282400,1.995750708,OTHER
2014,ALASKA,US SENATE,135445,282400,47.96211048,REPUBLICAN
2014,ARKANSAS,US SENATE,478819,847505,56.49748379,REPUBLICAN
2014,ARKANSAS,US SENATE,334174,847505,39.43032784,DEMOCRAT
2014,ARKANSAS,US SENATE,16797,847505,1.98193521,OTHER
2014,ARKANSAS,US SENATE,17210,847505,2.030666486,LIBERTARIAN
2014,ARKANSAS,US SENATE,505,847505,0.059586669,OTHER
2014,COLORADO,US SENATE,24151,2041058,1.183258878,OTHER
2014,COLORADO,US SENATE,21,2041058,0.001028878,OTHER
2014,COLORADO,US SENATE,983891,2041058,48.20495057,REPUBLICAN
2014,COLORADO,US SENATE,52876,2041058,2.590617219,LIBERTARIAN
2014,COLORADO,US SENATE,17,2041058,0.000832901,OTHER
2014,COLORADO,US SENATE,6427,2041058,0.314885711,OTHER
2014,COLORADO,US SENATE,29472,2041058,1.443957007,OTHER
2014,COLORADO,US SENATE,944203,2041058,46.26046884,DEMOCRAT
2014,DELAWARE,US SENATE,98823,234038,42.2251942,REPUBLICAN
2014,DELAWARE,US SENATE,130655,234038,55.82640426,DEMOCRAT
2014,DELAWARE,US SENATE,4560,234038,1.948401542,OTHER
2014,GEORGIA,US SENATE,1358088,2567805,52.88906284,REPUBLICAN
2014,GEORGIA,US SENATE,14,2567805,0.000545213,OTHER
2014,GEORGIA,US SENATE,1160811,2567805,45.20635329,DEMOCRAT
2014,GEORGIA,US SENATE,9,2567805,0.000350494,OTHER
2014,GEORGIA,US SENATE,48862,2567805,1.90287035,LIBERTARIAN
2014,GEORGIA,US SENATE,21,2567805,0.000817819,OTHER
2014,HAWAII,US SENATE,15777,369703,4.267479571,OTHER
2014,HAWAII,US SENATE,98006,369703,26.50938726,REPUBLICAN
2014,HAWAII,US SENATE,8941,369703,2.418427765,LIBERTARIAN
2014,HAWAII,US SENATE,246827,369703,66.76359132,DEMOCRAT
2014,HAWAII,US SENATE,152,369703,0.041114083,OTHER
2014,IDAHO,US SENATE,151574,437170,34.67163804,DEMOCRAT
2014,IDAHO,US SENATE,285596,437170,65.32836196,REPUBLICAN
2014,ILLINOIS,US SENATE,1929637,3603519,53.54868394,DEMOCRAT
2014,ILLINOIS,US SENATE,135316,3603519,3.755107161,LIBERTARIAN
2014,ILLINOIS,US SENATE,1538522,3603519,42.69498787,REPUBLICAN
2014,ILLINOIS,US SENATE,12,3603519,0.000333008,OTHER
2014,ILLINOIS,US SENATE,1,3603519,2.77507E-05,OTHER
2014,ILLINOIS,US SENATE,31,3603519,0.00086027,OTHER
2014,IOWA,US SENATE,8232,1129700,0.728689032,LIBERTARIAN
2014,IOWA,US SENATE,26815,1129700,2.373639019,OTHER
2014,IOWA,US SENATE,1111,1129700,0.098344693,OTHER
2014,IOWA,US SENATE,5873,1129700,0.519872533,OTHER
2014,IOWA,US SENATE,4724,1129700,0.418164114,OTHER
2014,IOWA,US SENATE,588575,1129700,52.10011507,REPUBLICAN
2014,IOWA,US SENATE,494370,1129700,43.76117553,DEMOCRAT
2014,KANSAS,US SENATE,368372,866191,42.52780276,OTHER
2014,KANSAS,US SENATE,460350,866191,53.14647693,REPUBLICAN
2014,KANSAS,US SENATE,37469,866191,4.325720309,LIBERTARIAN
2014,KENTUCKY,US SENATE,17,1435868,0.001183953,OTHER
2014,KENTUCKY,US SENATE,44240,1435868,3.081063162,LIBERTARIAN
2014,KENTUCKY,US SENATE,53,1435868,0.003691147,OTHER
2014,KENTUCKY,US SENATE,584698,1435868,40.72087406,DEMOCRAT
2014,KENTUCKY,US SENATE,806787,1435868,56.18810364,REPUBLICAN
2014,KENTUCKY,US SENATE,9,1435868,0.000626799,OTHER
2014,KENTUCKY,US SENATE,64,1435868,0.004457234,OTHER
2014,LOUISIANA,US SENATE,13034,3523183,0.36994956,LIBERTARIAN
2014,LOUISIANA,US SENATE,11323,3523183,0.32138552,DEMOCRAT
2014,LOUISIANA,US SENATE,3835,3523183,0.108850434,DEMOCRAT
2014,LOUISIANA,US SENATE,4673,3523183,0.132635744,DEMOCRAT
2014,LOUISIANA,US SENATE,1712379,3523183,48.6031807,REPUBLICAN
2014,LOUISIANA,US SENATE,1561210,3523183,44.31248675,DEMOCRAT
2014,LOUISIANA,US SENATE,14173,3523183,0.402278281,REPUBLICAN
2014,LOUISIANA,US SENATE,202556,3523183,5.749233009,REPUBLICAN
2014,MAINE,US SENATE,269,616996,0.043598338,OTHER
2014,MAINE,US SENATE,12968,616996,2.101796446,OTHER
2014,MAINE,US SENATE,413505,616996,67.01907306,REPUBLICAN
2014,MAINE,US SENATE,190254,616996,30.83553216,DEMOCRAT
2014,MASSACHUSETTS,US SENATE,791950,2186789,36.21519955,REPUBLICAN
2014,MASSACHUSETTS,US SENATE,101817,2186789,4.656004763,OTHER
2014,MASSACHUSETTS,US SENATE,3072,2186789,0.140479946,OTHER
2014,MASSACHUSETTS,US SENATE,6,2186789,0.000274375,OTHER
2014,MASSACHUSETTS,US SENATE,1289944,2186789,58.98804137,DEMOCRAT
2014,MICHIGAN,US SENATE,67,3121771,0.002146218,OTHER
2014,MICHIGAN,US SENATE,37529,3121771,1.202170178,OTHER
2014,MICHIGAN,US SENATE,1290199,3121771,41.3290725,REPUBLICAN
2014,MICHIGAN,US SENATE,62897,3121771,2.014785838,LIBERTARIAN
2014,MICHIGAN,US SENATE,1704936,3121771,54.61438395,DEMOCRAT
2014,MICHIGAN,US SENATE,26137,3121771,0.837249113,OTHER
2014,MICHIGAN,US SENATE,6,3121771,0.000192199,OTHER
2014,MINNESOTA,US SENATE,29685,1981528,1.498086325,LIBERTARIAN
2014,MINNESOTA,US SENATE,47530,1981528,2.398653968,OTHER
2014,MINNESOTA,US SENATE,850227,1981528,42.90764501,REPUBLICAN
2014,MINNESOTA,US SENATE,881,1981528,0.044460638,OTHER
2014,MINNESOTA,US SENATE,1053205,1981528,53.15115406,DEMOCRAT
2014,MISSISSIPPI,US SENATE,239439,631858,37.89443198,DEMOCRAT
2014,MISSISSIPPI,US SENATE,13938,631858,2.205875371,OTHER
2014,MISSISSIPPI,US SENATE,378481,631858,59.89969265,REPUBLICAN
2014,MONTANA,US SENATE,213709,369826,57.7863644,REPUBLICAN
2014,MONTANA,US SENATE,7933,369826,2.145062813,LIBERTARIAN
2014,MONTANA,US SENATE,148184,369826,40.06857279,DEMOCRAT
2014,NEBRASKA,US SENATE,170127,540337,31.48535081,DEMOCRAT
2014,NEBRASKA,US SENATE,6260,540337,1.158536247,OTHER
2014,NEBRASKA,US SENATE,15868,540337,2.936685809,OTHER
2014,NEBRASKA,US SENATE,347636,540337,64.33688605,REPUBLICAN
2014,NEBRASKA,US SENATE,446,540337,0.082541081,OTHER
2014,NEW HAMPSHIRE,US SENATE,251184,488159,51.45536598,DEMOCRAT
2014,NEW HAMPSHIRE,US SENATE,235347,488159,48.21113613,REPUBLICAN
2014,NEW HAMPSHIRE,US SENATE,1628,488159,0.333497897,OTHER
2014,NEW JERSEY,US SENATE,16721,1869535,0.894393526,LIBERTARIAN
2014,NEW JERSEY,US SENATE,1043866,1869535,55.83559548,DEMOCRAT
2014,NEW JERSEY,US SENATE,3544,1869535,0.189565855,OTHER
2014,NEW JERSEY,US SENATE,791297,1869535,42.32587248,REPUBLICAN
2014,NEW JERSEY,US SENATE,3890,1869535,0.20807313,OTHER
2014,NEW JERSEY,US SENATE,4513,1869535,0.241396925,OTHER
2014,NEW JERSEY,US SENATE,5704,1869535,0.305102606,OTHER
2014,NEW MEXICO,US SENATE,229097,515506,44.44118982,REPUBLICAN
2014,NEW MEXICO,US SENATE,286409,515506,55.55881018,DEMOCRAT
2014,NORTH CAROLINA,US SENATE,1377651,2915281,47.25619932,DEMOCRAT
2014,NORTH CAROLINA,US SENATE,201,2915281,0.006894704,OTHER
2014,NORTH CAROLINA,US SENATE,1423259,2915281,48.82064542,REPUBLICAN
2014,NORTH CAROLINA,US SENATE,142,2915281,0.004870886,OTHER
2014,NORTH CAROLINA,US SENATE,109100,2915281,3.742349365,LIBERTARIAN
2014,NORTH CAROLINA,US SENATE,621,2915281,0.021301549,OTHER
2014,NORTH CAROLINA,US SENATE,4307,2915281,0.14773876,OTHER
2014,OKLAHOMA,US SENATE,10554,820733,1.28592368,OTHER
2014,OKLAHOMA,US SENATE,237923,820890,28.98354225,DEMOCRAT
2014,OKLAHOMA,US SENATE,234307,820733,28.54850481,DEMOCRAT
2014,OKLAHOMA,US SENATE,25965,820890,3.163030369,OTHER
2014,OKLAHOMA,US SENATE,558166,820733,68.00823167,REPUBLICAN
2014,OKLAHOMA,US SENATE,9913,820733,1.207822763,OTHER
2014,OKLAHOMA,US SENATE,557002,820890,67.85342738,REPUBLICAN
2014,OKLAHOMA,US SENATE,7793,820733,0.949517078,OTHER
2014,OREGON,US SENATE,44916,1461618,3.073032762,LIBERTARIAN
2014,OREGON,US SENATE,32434,1461618,2.219047658,OTHER
2014,OREGON,US SENATE,814537,1461618,55.72844615,DEMOCRAT
2014,OREGON,US SENATE,538847,1461618,36.86647264,REPUBLICAN
2014,OREGON,US SENATE,24212,1461618,1.656520377,OTHER
2014,OREGON,US SENATE,6672,1461618,0.456480421,OTHER
2014,RHODE ISLAND,US SENATE,223675,316898,70.58264804,DEMOCRAT
2014,RHODE ISLAND,US SENATE,92684,316898,29.24726568,REPUBLICAN
2014,RHODE ISLAND,US SENATE,539,316898,0.170086274,OTHER
2014,SOUTH CAROLINA,US SENATE,24207,1240075,1.952059351,OTHER
2014,SOUTH CAROLINA,US SENATE,456726,1240075,36.83051428,DEMOCRAT
2014,SOUTH CAROLINA,US SENATE,21652,1238982,1.747563726,OTHER
2014,SOUTH CAROLINA,US SENATE,672941,1240075,54.26615326,REPUBLICAN
2014,SOUTH CAROLINA,US SENATE,459583,1238982,37.09359781,DEMOCRAT
2014,SOUTH CAROLINA,US SENATE,4774,1240075,0.384976715,OTHER
2014,SOUTH CAROLINA,US SENATE,757215,1238982,61.11589999,REPUBLICAN
2014,SOUTH CAROLINA,US SENATE,532,1238982,0.042938477,OTHER
2014,SOUTH CAROLINA,US SENATE,47588,1240075,3.837509828,OTHER
2014,SOUTH CAROLINA,US SENATE,33839,1240075,2.728786565,LIBERTARIAN
2014,SOUTH DAKOTA,US SENATE,140741,279412,50.37042074,REPUBLICAN
2014,SOUTH DAKOTA,US SENATE,8474,279412,3.032797446,OTHER
2014,SOUTH DAKOTA,US SENATE,47741,279412,17.08623824,OTHER
2014,SOUTH DAKOTA,US SENATE,82456,279412,29.51054357,DEMOCRAT
2014,TENNESSEE,US SENATE,12570,1374065,0.914803885,OTHER
2014,TENNESSEE,US SENATE,11157,1374065,0.811970322,OTHER
2014,TENNESSEE,US SENATE,437848,1374065,31.86515922,DEMOCRAT
2014,TENNESSEE,US SENATE,787,1374065,0.057275311,OTHER
2014,TENNESSEE,US SENATE,850087,1374065,61.86657836,REPUBLICAN
2014,TENNESSEE,US SENATE,2386,1374065,0.173645352,OTHER
2014,TENNESSEE,US SENATE,7713,1374065,0.561327157,OTHER
2014,TENNESSEE,US SENATE,2314,1374065,0.168405425,OTHER
2014,TENNESSEE,US SENATE,5759,1374065,0.419121366,OTHER
2014,TENNESSEE,US SENATE,36088,1374065,2.626367748,OTHER
2014,TENNESSEE,US SENATE,1673,1374065,0.121755521,OTHER
2014,TENNESSEE,US SENATE,5,1374065,0.000363884,OTHER
2014,TENNESSEE,US SENATE,5678,1374065,0.413226449,OTHER
2014,TEXAS,US SENATE,988,4648358,0.021254817,OTHER
2014,TEXAS,US SENATE,133751,4648358,2.877381647,LIBERTARIAN
2014,TEXAS,US SENATE,54701,4648358,1.176781134,OTHER
2014,TEXAS,US SENATE,2861531,4648358,61.56003905,REPUBLICAN
2014,TEXAS,US SENATE,1597387,4648358,34.36454335,DEMOCRAT
2014,VIRGINIA,US SENATE,1055940,2184473,48.3384322,REPUBLICAN
2014,VIRGINIA,US SENATE,1073667,2184473,49.14993227,DEMOCRAT
2014,VIRGINIA,US SENATE,53102,2184473,2.430883788,LIBERTARIAN
2014,VIRGINIA,US SENATE,1764,2184473,0.080751742,OTHER
2014,WEST VIRGINIA,US SENATE,2566,453689,0.565585677,OTHER
2014,WEST VIRGINIA,US SENATE,5,453689,0.001102077,OTHER
2014,WEST VIRGINIA,US SENATE,156360,453689,34.46413733,DEMOCRAT
2014,WEST VIRGINIA,US SENATE,281820,453689,62.11744168,REPUBLICAN
2014,WEST VIRGINIA,US SENATE,7409,453689,1.633057006,LIBERTARIAN
2014,WEST VIRGINIA,US SENATE,5504,453689,1.213165847,OTHER
2014,WEST VIRGINIA,US SENATE,10,453689,0.002204153,OTHER
2014,WEST VIRGINIA,US SENATE,7,453689,0.001542907,OTHER
2014,WEST VIRGINIA,US SENATE,8,453689,0.001763322,OTHER
2014,WYOMING,US SENATE,13311,171153,7.777251932,OTHER
2014,WYOMING,US SENATE,130,171153,0.075955432,OTHER
2014,WYOMING,US SENATE,3677,171153,2.148370172,LIBERTARIAN
2014,WYOMING,US SENATE,2633,171153,1.538389628,OTHER
2014,WYOMING,US SENATE,471,171153,0.275192372,OTHER
2014,WYOMING,US SENATE,121554,171153,71.02066572,REPUBLICAN
2014,WYOMING,US SENATE,29377,171153,17.16417474,DEMOCRAT
